Soil Temperature,N,P,K,Moisture,Humidity,Ambient Temperature
30.6,43,158,219,177,18.7,35.6
30.8,36,153,219,183,20.8,35.8
30.8,37,154,214,177,24.3,35.8
30.5,37,153,216,167,21.5,35.5
30.6,35,153,214,162,22.5,35.6
31,33,68,96,189,25.4,36
31.5,51,144,209,167,24.4,36.5
31.8,28,147,199,157,18.2,36.8
31.8,29,149,206,157,22,36.8
32.2,29,147,201,138,14.6,37.2
32,30,147,206,152,14.6,37
31.8,30,145,204,152,21,36.8
32,31,153,209,152,20.9,37
32.3,31,147,204,152,20,37.3
32.6,29,144,201,162,20,37.6
33,30,149,206,172,17.7,38
32.9,30,144,206,147,34.5,37.9
33.1,29,141,199,152,20,38.1
33.3,29,149,199,143,34.3,38.3
33,29,142,199,152,21.9,38
33.1,29,145,209,147,20,38.1
33.2,31,147,201,152,25.2,38.2
33.4,30,142,195,134,25.1,38.4
33.7,29,149,201,157,28.6,38.7
33.9,31,144,199,152,34.1,38.9
33.8,31,142,206,157,20,38.8
33.6,30,147,204,152,34.2,38.6
33.4,30,145,199,138,17.6,38.4
33.3,31,144,204,143,19.2,38.3
33.3,30,145,204,152,22.4,38.3
32.9,29,147,204,147,14.3,37.9
32.4,30,142,199,138,20,37.4
32.1,31,144,204,157,22.9,37.1
32.1,30,141,195,134,14.6,37.1
32.3,31,142,199,143,22.3,37.3
32.2,30,141,197,134,22.4,37.2
32.1,30,136,190,121,14.6,37.1
32,31,141,195,134,19.7,37
32,29,141,204,138,20,37
31.9,31,141,197,138,14.7,36.9
32,31,141,204,152,21.9,37
32.1,30,141,199,143,18.1,37.1
31.8,29,136,190,125,23,36.8
31.3,29,142,197,134,20.6,36.3
31.2,30,139,197,134,20.7,36.2
30.6,31,139,193,134,18.7,35.6
30.5,30,141,195,134,22.5,35.5
30.1,30,142,195,143,18.9,35.1
30.3,29,142,195,138,22.6,35.3
30.6,31,141,193,134,22.5,35.6
30.6,29,136,197,138,15.2,35.6
30.7,30,134,184,113,20,35.7
30.7,31,134,190,130,20,35.7
31,31,134,188,113,20,36
31.3,29,136,186,125,20,36.3
31.7,30,133,186,121,23.1,36.7
32.1,30,131,186,125,20.9,37.1
32.4,29,136,188,117,20.8,37.4
32.2,30,136,190,117,22.9,37.2
32,31,133,188,117,14.6,37
32,29,136,195,134,20.9,37
32.1,30,134,188,113,25,37.1
32.2,31,131,182,113,23.4,37.2
32.1,30,133,186,125,23.8,37.1
32.1,30,131,184,113,23.8,37.1
32,30,130,182,109,19.7,37
32,30,134,193,130,25,37
32.1,29,133,186,121,25,37.1
32.2,31,137,186,117,27,37.2
31.9,29,134,188,130,21,36.9
31.7,31,136,188,121,21.1,36.7
31.4,28,134,186,117,22.7,36.4
31.6,31,134,193,121,23.6,36.6
31.3,29,127,186,117,20,36.3
31.3,30,136,184,117,20,36.3
31.3,31,133,193,121,26.3,36.3
31.1,31,137,193,125,22.8,36.1
31.1,31,136,190,125,20,36.1
31,29,133,186,121,20.7,36
31,31,139,190,113,18.5,36
31.1,31,136,186,125,25.4,36.1
31.1,31,131,190,125,28.5,36.1
30.7,31,134,180,109,29.9,35.7
30.5,30,137,182,113,25.6,35.5
30.5,31,137,197,134,39.4,35.5
30.5,30,134,190,125,31.3,35.5
30.5,29,131,176,117,32.8,35.5
30.5,29,129,182,109,39.4,35.5
30.5,30,130,184,117,24,35.5
30.4,30,131,182,109,43.1,35.4
30.4,31,133,176,101,26.7,35.4
30.3,29,130,180,101,27.7,35.3
30.5,31,131,188,117,48.9,35.5
30.3,30,127,176,109,77.3,35.3
30.4,29,130,178,105,49,35.4
30.3,31,130,182,109,28.8,35.3
30.2,30,130,180,105,30.1,35.2
30.2,31,127,184,105,20,35.2
30.1,29,127,178,97,25,35.1
30.2,29,124,176,97,39.6,35.2
30,29,127,178,97,24.6,35
30,31,127,178,105,25.8,35
30.2,29,127,178,101,24.2,35.2
30.3,30,129,180,109,27.7,35.3
30.3,31,124,173,86,24.9,35.3
30.5,29,124,176,109,24.8,35.5
30.6,30,126,176,97,27.6,35.6
30.7,29,127,174,97,32.8,35.7
30.7,30,130,180,109,27.6,35.7
30.7,31,127,176,101,23,35.7
31,29,131,176,97,22.8,36
31.2,30,130,180,109,24.6,36.2
31.2,31,126,176,93,20.1,36.2
30.8,30,131,182,109,21.4,35.8
30.6,29,129,178,105,24.8,35.6
30.2,31,124,171,97,24.6,35.2
30.3,31,129,167,97,22.6,35.3
30.2,31,123,174,93,27.8,35.2
30,30,129,182,117,24.2,35
29.8,30,126,182,101,23.8,34.8
29.7,31,129,180,97,28,34.7
29.7,29,127,176,97,24.4,34.7
29.6,30,129,173,97,24.4,34.6
29.4,29,127,173,90,23,34.4
29.5,29,123,174,90,24.8,34.5
29.4,30,126,176,97,23,34.4
29.6,29,124,176,93,23.4,34.6
29.7,30,129,182,101,23.4,34.7
29.7,31,126,176,101,22.9,34.7
29.5,30,127,176,97,22.4,34.5
29.3,29,127,176,97,21.4,34.3
29.5,28,126,176,86,24.8,34.5
29.5,29,124,176,90,21.9,34.5
29.5,28,123,176,97,21.3,34.5
29.7,29,129,173,93,26,34.7
29.5,30,122,171,93,22.4,34.5
29.6,28,130,176,90,24.4,34.6
29.7,29,121,176,93,23.4,34.7
29.6,31,126,173,90,24.4,34.6
29.7,30,126,176,90,21.3,34.7
29.7,31,130,174,97,23.4,34.7
30,30,126,173,90,77.4,35
30.1,28,124,176,93,31.5,35.1
30,30,124,173,82,33,35
29.8,29,126,174,86,25.9,34.8
29.7,30,127,176,97,23.9,34.7
29.7,28,122,173,90,24.4,34.7
29.7,31,121,171,79,27,34.7
29.7,29,121,173,90,26,34.7
29.4,29,121,169,90,23.5,34.4
29.4,29,121,171,86,22.5,34.4
29.5,30,119,173,90,30.3,34.5
29.5,30,119,167,79,25.2,34.5
29.5,29,118,167,90,27,34.5
29.6,30,121,171,79,22.4,34.6
29.8,30,121,173,82,23.8,34.8
29.8,29,119,171,82,26.9,34.8
29.8,29,121,167,86,27.9,34.8
29.8,30,119,169,86,27.9,34.8
29.9,30,119,169,82,24.3,34.9
30,29,123,167,76,25.8,35
30,29,117,167,82,34.8,35
29.9,30,118,171,82,25.9,34.9
29.9,30,124,174,90,23.3,34.9
29.9,29,123,169,86,39.7,34.9
30,31,123,169,79,31.5,35
30.1,30,122,171,82,27.8,35.1
30,31,119,173,86,28.9,35
29.8,29,119,169,86,23.8,34.8
29.7,29,118,164,76,29.1,34.7
29.8,31,118,166,72,20,34.8
29.8,29,119,166,79,20,34.8
29.7,29,122,171,79,20,34.7
29.5,30,121,169,86,33.2,34.5
29.5,29,118,166,76,20,34.5
29.5,29,121,173,90,20,34.5
29.5,31,118,166,79,20,34.5
29.5,31,119,166,76,30.3,34.5
29.5,30,119,167,69,24.4,34.5
29.7,29,118,161,72,20,34.7
29.8,30,123,171,79,20,34.8
29.8,29,119,166,82,20,34.8
29.8,30,117,162,72,49.2,34.8
29.8,30,119,167,86,20,34.8
29.8,30,119,169,82,20,34.8
29.7,31,121,171,86,20,34.7
29.7,29,119,162,79,35,34.7
29.7,29,121,171,79,49.3,34.7
29.8,31,119,166,82,20,34.8
29.7,30,118,164,72,37.1,34.7
29.6,30,121,169,82,43.4,34.6
29.5,29,118,166,76,49.3,34.5
29.5,30,119,164,72,77.6,34.5
29.4,30,119,167,69,30.4,34.4
29.4,31,122,173,90,20,34.4
29.4,30,119,161,79,20,34.4
29.4,31,119,167,79,16.9,34.4
29.4,30,119,166,76,16.9,34.4
29.3,29,117,164,82,77.7,34.3
29.4,28,117,166,79,37.2,34.4
29.3,30,119,167,79,30.4,34.3
29.1,31,119,162,69,33.4,34.1
29.1,29,117,162,66,33.4,34.1
29.1,31,119,164,69,31.9,34.1
29,30,119,167,82,25,34
29,29,118,169,76,26.2,34
28.9,29,121,169,79,30.6,33.9
28.9,29,118,166,90,29.4,33.9
28.9,31,115,161,69,24.7,33.9
29,29,122,167,69,30.5,34
29,28,115,164,79,28.2,34
29.1,30,119,169,79,26.2,34.1
29,29,118,164,69,30.5,34
29,29,116,164,76,31.9,34
28.9,29,121,169,79,25.1,33.9
28.9,29,122,171,76,26.3,33.9
28.8,29,118,167,69,25.1,33.8
28.8,29,115,162,72,28.3,33.8
28.8,30,115,162,66,25.1,33.8
28.8,29,116,157,56,28.3,33.8
28.9,28,118,161,62,26.3,33.9
28.9,30,113,157,59,49.6,33.9
28.7,28,116,162,69,20,33.7
28.7,29,115,157,56,21.3,33.7
28.5,28,116,164,66,78,33.5
28.6,30,112,164,69,20,33.6
28.5,30,115,162,69,17.2,33.5
28.5,30,119,162,66,16.5,33.5
28.5,29,116,164,69,20,33.5
28.5,30,116,162,76,20,33.5
28.5,29,117,164,62,19.1,33.5
28.5,29,113,161,72,20,33.5
28.5,30,116,162,72,20,33.5
28.5,29,115,159,62,20,33.5
28.5,29,119,161,66,43.8,33.5
28.5,29,117,159,66,20,33.5
25.5,229,74,107,209,25.8,30.5
25.5,226,73,103,206,26.5,30.5
25.5,228,73,103,207,26.6,30.5
25.4,227,74,105,209,26.9,30.4
25.3,228,75,103,207,26.9,30.3
25.2,228,74,103,207,28,30.2
25.2,225,73,101,207,27,30.2
25.2,225,73,103,207,27.1,30.2
25.2,224,74,103,207,26.6,30.2
25.2,223,74,104,207,26.9,30.2
25.2,222,74,103,207,26.6,30.2
25.1,222,75,103,209,26.8,30.1
25.1,222,75,104,207,26.5,30.1
25.1,224,74,104,213,26.4,30.1
25.4,222,75,104,211,26.3,30.4
25.5,223,74,104,207,26.6,30.5
25.5,223,73,101,206,26.6,30.5
25.4,223,74,102,203,26.3,30.4
25.4,222,74,104,207,25.5,30.4
25.5,224,74,103,209,25.9,30.5
25.5,224,71,102,209,26,30.5
25.4,224,71,100,200,25.7,30.4
25.4,223,74,103,209,25.7,30.4
25.4,223,73,103,200,27.3,30.4
25.4,223,74,102,204,26.3,30.4
25.5,225,74,102,206,25.9,30.5
25.5,223,72,101,206,26,30.5
25.5,224,74,103,206,26.6,30.5
25.3,224,74,103,201,26.7,30.3
25.2,224,73,103,207,26.8,30.2
25.1,223,72,102,206,26.4,30.1
25.2,225,72,103,204,25.8,30.2
25.3,224,73,103,209,25.8,30.3
25.3,224,73,104,209,25.7,30.3
25.3,225,73,103,204,26.3,30.3
25.3,225,73,103,201,26.6,30.3
25.2,223,74,104,207,26.9,30.2
25.2,225,71,103,207,25.7,30.2
25.2,225,74,102,204,26,30.2
25.2,225,73,103,206,26.2,30.2
25.1,225,73,103,209,26.1,30.1
25.1,224,73,102,203,25.8,30.1
25.1,223,74,103,207,26.4,30.1
25,222,73,103,209,26.6,30
25,218,73,102,201,26.4,30
25,220,74,103,206,26,30
25.1,221,75,103,207,26.6,30.1
25.1,219,73,100,203,26.9,30.1
25,218,73,103,207,26.5,30
25,217,74,102,206,27.5,30
25.1,215,73,101,206,26.4,30.1
25.1,214,74,103,207,26.6,30.1
25.1,215,74,104,206,26.2,30.1
25.1,215,72,100,201,25.9,30.1
25.2,212,72,100,200,26.5,30.2
25.1,213,72,100,203,26.9,30.1
25,213,73,101,204,26,30
25.1,213,72,101,203,26.6,30.1
25.1,213,73,103,206,26.3,30.1
25.1,213,73,102,203,26.3,30.1
25.2,213,72,103,204,26.7,30.2
25.1,212,71,100,203,26.1,30.1
25.4,212,71,100,203,25.9,30.4
25.4,212,73,102,203,25.9,30.4
25.4,211,74,102,204,25.9,30.4
25.4,211,74,103,203,26.3,30.4
25.3,213,71,100,203,26.3,30.3
25.2,213,72,100,200,26.1,30.2
25.2,207,71,102,200,26.4,30.2
25.1,207,73,98,196,25.9,30.1
25.1,208,72,102,206,25.6,30.1
25.2,209,73,102,204,25.8,30.2
25.2,207,71,99,198,25.4,30.2
25.2,209,72,100,200,25.8,30.2
25.3,211,73,102,204,25.9,30.3
25.3,212,72,103,207,25.7,30.3
25.2,213,71,101,203,25.6,30.2
25.2,216,71,97,195,26.1,30.2
25,217,69,96,196,25.6,30
25,216,71,100,200,25.8,30
24.9,217,71,101,203,26,29.9
25,216,69,97,200,26.6,30
25,216,73,102,201,26.6,30
25,216,72,101,201,26.9,30
24.9,215,72,100,201,26.4,29.9
24.9,216,71,100,203,26.8,29.9
24.9,216,71,100,196,26.7,29.9
24.9,217,72,100,201,26.7,29.9
24.9,216,71,99,200,26.6,29.9
24.9,216,71,100,198,26.6,29.9
24.9,216,71,101,201,26.8,29.9
24.8,218,73,102,204,27,29.8
24.7,217,71,100,201,28,29.7
24.5,217,72,101,204,28.2,29.5
24.4,218,71,100,200,27.3,29.4
24.3,216,71,97,195,27.8,29.3
24.3,218,69,97,198,28.3,29.3
24.3,219,71,100,200,29.3,29.3
24.3,217,70,100,196,28,29.3
24.2,218,70,99,198,28.6,29.2
24.1,219,69,97,200,28.5,29.1
24.1,219,71,100,200,28.8,29.1
24.1,218,69,98,198,29.4,29.1
24.1,219,70,99,201,30.3,29.1
24.1,219,70,98,200,31.4,29.1
24,221,69,96,198,31.5,29
24.2,221,70,99,200,32.5,29.2
24.2,225,69,94,198,32.7,29.2
24.3,228,70,97,195,33.5,29.3
24.3,231,69,100,200,34,29.3
24.3,231,70,96,195,34.3,29.3
24.2,229,69,99,201,34.4,29.2
24.2,229,69,98,195,35,29.2
24.2,229,69,96,195,35.6,29.2
24.2,231,71,97,198,35.8,29.2
24.2,231,70,99,198,36.1,29.2
24.2,231,71,100,200,36.4,29.2
24.1,230,70,97,200,37.2,29.1
24,231,71,98,196,38,29
23.9,231,70,99,193,37.8,28.9
23.9,231,71,99,200,37.5,28.9
23.9,231,71,100,201,38,28.9
23.9,231,69,96,198,38.3,28.9
23.9,231,69,98,196,38.8,28.9
23.8,231,69,96,192,38.9,28.8
23.8,230,70,97,198,39,28.8
23.8,229,71,100,196,39.2,28.8
23.8,229,71,100,200,39.6,28.8
23.7,226,71,100,204,40.1,28.7
23.7,224,71,101,200,40.3,28.7
23.6,216,70,99,196,40.7,28.6
23.6,215,70,99,200,40.6,28.6
23.6,214,71,100,200,40.6,28.6
23.6,214,71,100,200,40.8,28.6
23.6,212,71,100,200,41.8,28.6
23.7,212,71,98,198,41.8,28.7
23.6,213,70,97,200,42.4,28.6
23.6,211,71,98,195,42.2,28.6
23.6,211,70,97,195,42.5,28.6
23.5,211,70,100,196,42.9,28.5
23.5,212,71,99,193,43.1,28.5
23.6,211,70,99,198,43.5,28.6
23.6,211,70,97,195,43.9,28.6
23.7,208,70,99,196,44.9,28.7
23.8,209,70,99,201,45.3,28.8
23.8,207,69,96,198,45,28.8
23.8,207,71,100,198,44.9,28.8
24,209,68,98,198,45.1,29
24,208,70,97,193,45.1,29
24,207,70,100,195,45.5,29
23.9,207,70,98,196,45.8,28.9
23.8,207,70,99,198,46,28.8
23.7,207,70,96,198,46.2,28.7
23.7,207,70,100,195,46.2,28.7
23.7,206,70,97,200,46.7,28.7
23.7,207,70,97,190,46.5,28.7
23.6,207,71,99,196,46.8,28.6
23.6,207,68,98,195,47.2,28.6
23.6,207,69,99,198,46.9,28.6
23.6,207,69,97,190,47.2,28.6
23.6,207,71,99,196,47.2,28.6
23.6,207,70,100,200,47.2,28.6
23.6,206,70,98,198,47.3,28.6
23.5,206,70,98,193,47.5,28.5
23.5,205,70,100,195,47.6,28.5
23.4,205,69,96,196,47.6,28.4
23.4,204,70,100,201,47.5,28.4
23.4,204,69,98,198,47.6,28.4
23.5,202,68,96,190,47.5,28.5
23.5,201,70,100,200,47.6,28.5
23.5,201,70,99,196,47.6,28.5
23.5,196,71,100,203,47.6,28.5
23.5,197,71,98,196,47.4,28.5
23.5,196,70,99,198,47.9,28.5
23.5,195,72,100,201,47.5,28.5
23.4,195,70,98,200,47.8,28.4
23.4,195,70,99,198,48.3,28.4
23.4,194,72,102,200,48.2,28.4
23.3,195,71,100,200,48.5,28.3
23.3,196,70,98,195,48.6,28.3
23.2,195,70,98,195,49.1,28.2
23.2,196,69,97,193,49.1,28.2
23.2,194,71,98,195,49,28.2
23.2,195,72,100,200,49.3,28.2
23.2,195,69,98,195,49,28.2
23.2,192,70,99,195,49.1,28.2
23.2,192,70,98,198,49.1,28.2
23.2,193,70,98,200,49,28.2
23.2,191,68,97,196,49,28.2
23.2,191,70,98,196,49.2,28.2
23.2,190,70,100,200,49.3,28.2
23.3,192,70,98,195,49.2,28.3
23.3,190,70,98,198,49.3,28.3
23.3,191,71,99,200,49.4,28.3
23.3,190,71,100,200,49.2,28.3
23.2,190,71,100,198,49.5,28.2
23.1,190,69,96,192,49.6,28.1
23,185,70,100,200,49.8,28
23,185,71,98,195,49.9,28
22.9,184,71,100,204,50.1,27.9
22.8,185,69,100,200,50.5,27.8
22.8,184,71,100,200,50.4,27.8
22.7,184,70,97,196,50.8,27.7
22.7,183,69,98,198,50.8,27.7
22.6,185,70,97,195,51.1,27.6
22.5,184,71,98,196,51.1,27.5
22.5,181,70,97,195,51.2,27.5
22.5,181,71,100,201,51.6,27.5
22.4,181,70,97,195,51.9,27.4
22.4,181,70,98,200,51.9,27.4
22.3,181,69,98,193,51.7,27.3
22.3,181,70,98,195,52,27.3
22.3,180,70,98,200,51.9,27.3
22.5,181,72,101,201,51,27.5
22.8,183,70,101,203,51.1,27.8
22.9,182,69,96,193,50.9,27.9
22.9,181,71,101,198,51.1,27.9
22.8,181,71,98,198,51.3,27.8
22.8,181,69,96,193,51.7,27.8
22.7,182,71,101,203,52.1,27.7
22.6,185,70,97,201,52.4,27.6
22.5,186,71,100,196,52.4,27.5
22.5,186,70,96,195,52.5,27.5
22.5,186,71,97,198,52.5,27.5
22.5,184,71,99,200,52.9,27.5
22.5,184,71,99,193,53,27.5
22.5,184,71,103,200,53.6,27.5
22.5,184,69,98,196,52.9,27.5
22.5,184,69,99,201,52.1,27.5
22.6,185,71,99,198,51.7,27.6
22.8,184,70,96,196,51.1,27.8
23,185,70,101,201,50.9,28
23.1,185,70,98,198,50.8,28.1
23.2,185,71,99,198,50.4,28.2
23.2,185,71,98,196,50.4,28.2
23.2,185,69,97,198,50.7,28.2
23.1,184,71,99,200,50.9,28.1
23,185,70,98,193,51,28
23,187,70,99,195,50.7,28
23.1,189,71,100,198,50.9,28.1
23.1,190,69,98,196,50.7,28.1
23.1,190,70,98,200,50.4,28.1
23.2,190,69,98,193,50.4,28.2
23.2,190,69,98,200,50.7,28.2
23.1,193,72,100,200,50.6,28.1
23,196,69,100,200,51.6,28
22.9,203,70,100,201,50.8,27.9
22.9,216,69,99,198,51,27.9
22.9,218,69,99,193,50.8,27.9
22.9,220,70,100,196,50.9,27.9
22.9,224,71,100,201,51.5,27.9
22.8,224,71,100,201,51.7,27.8
23,223,69,96,193,51.4,28
23.2,217,70,97,193,51.1,28.2
23.3,218,71,100,198,50.9,28.3
23.5,218,70,96,196,50.6,28.5
23.4,217,70,96,192,50.5,28.4
23.4,217,70,100,198,50.4,28.4
23.3,218,70,96,193,50.3,28.3
23.3,216,70,99,198,50.2,28.3
23.4,216,70,99,200,50.4,28.4
23.5,217,70,99,196,50.4,28.5
23.6,217,70,98,196,50.1,28.6
23.6,219,70,98,201,50.2,28.6
23.6,218,70,98,198,49.8,28.6
23.7,219,69,97,195,50.3,28.7
23.7,218,71,99,200,50,28.7
23.7,219,70,100,203,49.9,28.7
23.7,218,70,97,192,49.9,28.7
23.6,219,69,98,192,50,28.6
23.7,219,70,97,192,50.2,28.7
23.7,219,70,98,196,49.9,28.7
23.7,218,70,100,196,50,28.7
23.8,219,70,99,201,49.8,28.8
23.8,219,70,96,193,49.9,28.8
23.8,221,70,98,198,50.1,28.8
23.8,222,70,100,201,49.6,28.8
23.8,222,68,97,193,50.1,28.8
23.6,222,70,99,196,50,28.6
23.6,222,70,99,196,50.1,28.6
23.5,222,68,96,193,50.1,28.5
23.5,221,70,96,195,50.3,28.5
23.5,222,69,97,195,50.3,28.5
23.5,222,69,96,193,50.2,28.5
23.5,222,68,97,195,50.1,28.5
23.5,224,69,96,196,50.2,28.5
23.5,225,70,99,195,50.6,28.5
23.5,228,69,97,195,50.6,28.5
23.5,228,70,97,198,50.4,28.5
23.5,230,69,99,196,50.6,28.5
23.6,228,69,97,196,50.3,28.6
23.6,228,70,97,193,50.3,28.6
23.6,229,71,98,198,50.3,28.6
23.6,228,69,96,196,50.4,28.6
23.6,230,70,98,196,50.2,28.6
23.6,234,68,96,195,50.3,28.6
23.6,234,68,99,196,50.1,28.6
23.6,234,69,96,190,50.3,28.6
23.5,234,70,99,198,50.2,28.5
23.5,234,69,96,193,50.1,28.5
23.5,234,69,98,195,50.4,28.5
23.6,233,69,96,190,50.1,28.6
23.6,234,70,99,193,50.3,28.6
23.6,235,70,97,193,50.1,28.6
23.5,234,69,96,195,50.4,28.5
23.5,234,69,99,198,50.1,28.5
23.5,234,68,96,195,50.2,28.5
23.5,234,69,94,195,50.2,28.5
23.5,234,69,96,190,50.4,28.5
23.4,235,70,97,195,50.9,28.4
23.4,234,69,97,198,50.7,28.4
23.3,234,69,96,192,50.9,28.3
23.3,234,70,98,196,50.7,28.3
23.3,234,68,96,193,50.5,28.3
23.3,235,69,99,198,50.8,28.3
23.3,234,69,98,193,50.6,28.3
23.3,235,68,96,195,50.8,28.3
23.3,234,69,95,193,50.8,28.3
23.3,234,70,97,198,51,28.3
23.3,234,67,95,196,51.3,28.3
23.2,232,69,98,196,51.3,28.2
23.2,233,66,96,195,51.5,28.2
23.2,234,68,96,196,51.2,28.2
23.2,234,69,97,190,51.2,28.2
23.2,234,69,96,193,51.2,28.2
23.2,235,70,99,196,51.5,28.2
23.3,234,67,95,192,51,28.3
23.3,233,68,96,192,51.2,28.3
23.3,234,69,96,196,51.1,28.3
23.3,233,70,98,196,50.9,28.3
23.4,234,70,97,196,50.9,28.4
23.4,233,69,96,193,50.9,28.4
23.4,228,68,94,190,51,28.4
23.4,228,70,98,196,51.1,28.4
23.4,226,71,98,193,51.2,28.4
23.3,225,69,96,193,51,28.3
23.4,226,71,99,195,51,28.4
23.3,226,69,96,195,51.2,28.3
23.3,226,71,99,192,51,28.3
23.3,225,69,97,195,51.2,28.3
23.2,225,69,96,195,51.3,28.2
23.2,227,70,98,193,51.4,28.2
23.2,227,69,95,189,51.4,28.2
23.2,225,70,97,198,51.4,28.2
23.2,227,69,97,198,51.4,28.2
23.3,225,70,97,196,51,28.3
23.3,225,70,99,196,51.2,28.3
23.4,225,69,97,195,50.8,28.4
23.4,225,69,97,195,50.9,28.4
23.4,225,69,96,195,51.2,28.4
23.3,222,69,96,195,51.2,28.3
23.3,223,69,96,193,51.5,28.3
23.3,224,70,98,195,51.5,28.3
23.3,222,69,96,192,51.6,28.3
23.3,223,69,97,195,51.3,28.3
23.4,223,68,95,192,51.2,28.4
23.4,223,70,96,195,51.1,28.4
23.4,222,69,97,198,51.1,28.4
23.4,223,70,98,196,51,28.4
23.3,224,69,96,195,51.3,28.3
23.3,224,69,96,196,51.5,28.3
23.3,225,69,97,193,51.6,28.3
23.2,224,70,98,200,51.9,28.2
23.2,225,70,99,196,52.1,28.2
23.2,225,70,95,188,52.1,28.2
23.1,225,69,96,195,52.1,28.1
23.1,225,69,98,195,52.1,28.1
23.2,225,69,96,190,52,28.2
23.2,224,70,99,196,52.1,28.2
23.2,225,69,96,193,52.3,28.2
23.2,225,69,96,192,51.9,28.2
23.3,225,69,96,193,51.8,28.3
23.3,224,70,98,193,51.8,28.3
23.3,224,69,98,195,51.9,28.3
23.3,226,70,97,193,51.8,28.3
23.4,225,68,96,193,51.6,28.4
23.4,226,69,96,196,51.6,28.4
23.4,226,69,97,196,51.6,28.4
23.3,225,68,96,196,51.6,28.3
23.3,225,69,98,193,51.9,28.3
23.2,227,69,100,200,52.3,28.2
23.2,225,69,97,195,52.2,28.2
23.1,227,70,97,195,52.1,28.1
23.1,227,70,99,193,52.2,28.1
23.1,227,68,96,193,51.9,28.1
23.2,229,69,95,190,52.2,28.2
23.1,227,70,97,198,52.3,28.1
23.2,228,69,96,189,52.4,28.2
23.2,230,69,97,193,52.1,28.2
23.2,228,69,95,192,52.1,28.2
23.2,225,69,96,193,52.2,28.2
23.2,222,70,96,192,52,28.2
23.2,222,69,97,189,52.2,28.2
23.2,219,69,97,196,52.3,28.2
23.1,218,70,98,192,52.4,28.1
23,219,69,99,192,52.1,28
23,219,69,99,192,52.1,28
23,219,68,95,193,52.3,28
23,219,70,96,193,52.2,28
23,219,68,96,192,52.3,28
23,219,69,96,192,52.3,28
23,219,68,95,193,52.4,28
23.1,219,67,95,189,52.3,28.1
23.1,218,68,95,193,52.2,28.1
23.1,221,69,95,196,52.2,28.1
23,228,68,95,193,52.2,28
23,231,68,93,188,52.2,28
23.1,232,69,96,193,52.3,28.1
23,234,68,95,190,52.4,28
23,236,69,95,190,52.6,28
22.9,233,67,96,192,52.5,27.9
22.9,234,68,96,195,52.7,27.9
22.8,234,68,96,186,52.8,27.8
22.8,234,69,96,190,53.1,27.8
22.8,235,69,96,192,53,27.8
22.7,234,68,96,188,53.4,27.7
22.8,234,67,95,193,52.8,27.8
22.9,234,69,96,193,52.8,27.9
22.9,234,69,97,193,52.9,27.9
22.9,234,69,96,195,53.1,27.9
22.9,235,68,96,192,52.9,27.9
22.8,234,69,96,193,52.9,27.8
22.9,234,69,96,193,52.8,27.9
22.9,234,69,96,192,53.3,27.9
22.8,234,68,96,198,52.9,27.8
22.9,235,69,96,192,52.8,27.9
22.9,235,69,96,188,52.8,27.9
22.9,233,69,96,192,52.9,27.9
22.9,234,68,94,192,52.9,27.9
22.9,234,68,96,195,53,27.9
22.8,234,67,92,188,53,27.8
22.8,234,67,94,189,52.9,27.8
22.8,234,68,94,190,52.9,27.8
22.8,234,68,94,192,52.9,27.8
22.8,234,68,95,190,53,27.8
22.9,233,69,93,192,52.9,27.9
22.9,234,67,94,193,53.1,27.9
22.9,233,68,96,189,53.1,27.9
22.8,231,68,96,192,52.8,27.8
22.9,233,68,96,193,52.7,27.9
22.9,226,68,92,188,52.8,27.9
22.9,217,68,95,192,52.7,27.9
23,216,69,97,192,52.5,28
22.9,216,68,96,192,52.5,27.9
22.9,213,69,95,188,52.8,27.9
22.8,214,68,96,193,53,27.8
22.8,215,68,95,192,52.8,27.8
22.8,215,68,96,193,52.7,27.8
22.9,215,68,94,188,52.5,27.9
22.9,215,68,96,188,52.4,27.9
22.9,215,68,94,190,52.5,27.9
22.9,216,67,94,188,52.5,27.9
22.9,214,68,94,188,52.5,27.9
22.9,219,68,95,189,52,27.9
22.8,221,67,97,193,52.2,27.8
22.8,221,68,95,190,51.9,27.8
22.8,221,66,93,189,52.1,27.8
22.9,221,67,94,185,52.2,27.9
22.9,221,67,94,190,52.2,27.9
22.9,222,67,94,190,52.1,27.9
22.9,222,67,95,189,51.8,27.9
22.9,222,68,94,189,51.8,27.9
22.9,222,68,91,183,51.8,27.9
23,224,67,94,189,51.6,28
22.9,228,68,94,188,51.9,27.9
22.9,228,67,96,193,51.7,27.9
22.9,229,68,95,190,51.7,27.9
22.9,229,69,95,192,51.8,27.9
22.9,232,68,95,190,51.7,27.9
22.8,232,67,94,183,51.7,27.8
22.8,231,67,94,188,51.8,27.8
22.7,232,67,95,188,52.2,27.7
22.6,231,67,94,189,52.3,27.6
22.6,231,68,95,192,52.5,27.6
22.6,231,66,94,185,52.2,27.6
22.7,231,68,94,188,52.1,27.7
22.8,231,67,95,192,51.9,27.8
22.8,231,68,96,192,51.8,27.8
22.8,232,67,96,190,51.4,27.8
22.9,231,67,96,192,51.4,27.9
22.9,231,68,96,189,51.5,27.9
22.9,231,67,94,188,51.3,27.9
22.9,232,68,96,190,51.3,27.9
22.9,234,68,94,188,51.2,27.9
22.9,234,66,93,186,51.5,27.9
22.9,234,68,96,190,51.4,27.9
22.9,240,68,93,190,51.2,27.9
22.8,239,67,94,185,51.3,27.8
22.9,237,68,93,186,51.3,27.9
22.9,237,66,91,185,51.2,27.9
22.8,227,67,91,186,51.4,27.8
22.8,225,66,93,183,51.5,27.8
22.8,225,67,96,195,51.3,27.8
22.8,227,67,92,183,51.5,27.8
22.7,224,67,94,186,51.7,27.7
22.6,224,67,94,182,51.6,27.6
22.6,225,67,96,195,51.5,27.6
22.7,224,67,94,186,51.4,27.7
22.7,222,67,94,185,51.5,27.7
22.7,224,67,93,188,51.5,27.7
22.6,224,67,94,188,51.6,27.6
22.6,224,67,95,185,51.7,27.6
22.6,222,67,92,188,51.5,27.6
22.7,218,67,94,190,51.4,27.7
22.7,219,66,94,188,51.2,27.7
22.7,220,67,94,190,51.5,27.7
22.7,219,65,94,188,51.3,27.7
22.7,219,67,93,189,51.5,27.7
22.7,219,67,92,185,51.4,27.7
22.7,220,67,94,186,51.2,27.7
22.7,218,68,94,188,51.2,27.7
22.7,218,68,94,189,51.3,27.7
22.7,219,68,94,186,50.9,27.7
22.8,219,66,94,189,50.9,27.8
22.7,209,67,93,189,50.9,27.7
22.7,206,67,94,188,51.2,27.7
22.7,201,68,94,190,50.9,27.7
22.7,197,67,95,190,51.2,27.7
22.6,189,67,94,188,50.9,27.6
22.7,189,67,93,190,50.9,27.7
22.7,189,66,93,186,50.8,27.7
22.6,182,67,95,189,50.8,27.6
22.6,182,67,94,188,51,27.6
22.5,179,67,94,188,51.1,27.5
22.5,181,65,92,186,51.4,27.5
22.5,179,65,90,188,51.1,27.5
22.5,181,66,93,186,51.2,27.5
22.4,180,65,91,183,51.4,27.4
22.4,182,66,91,182,51.6,27.4
22.3,181,65,93,186,51.6,27.3
22.3,180,65,94,182,51.4,27.3
22.3,182,67,93,186,51.4,27.3
22.4,180,66,93,186,51.5,27.4
22.3,179,66,94,188,51.6,27.3
22.3,179,67,93,186,51.5,27.3
22.3,179,67,92,188,51.4,27.3
22.4,179,67,91,186,51.1,27.4
22.4,179,67,93,185,51.4,27.4
22.4,179,66,93,185,51.5,27.4
22.3,178,67,94,189,51.3,27.3
22.3,179,67,94,188,51.5,27.3
22.3,178,66,93,185,51.5,27.3
22.3,179,67,92,186,51.3,27.3
22.3,179,65,93,185,50.9,27.3
22.4,178,67,93,185,50.7,27.4
22.5,179,66,92,186,50.5,27.5
22.5,179,66,91,183,50.4,27.5
22.4,178,67,91,185,50.8,27.4
22.4,179,68,95,190,50.9,27.4
22.4,179,66,92,186,50.8,27.4
22.4,178,66,89,180,50.8,27.4
22.4,178,66,92,185,50.8,27.4
22.3,178,66,92,185,50.9,27.3
22.3,178,66,93,186,50.9,27.3
22.2,179,67,94,183,50.8,27.2
22.3,178,66,92,183,50.7,27.3
22.3,178,66,91,180,50.5,27.3
22.3,179,66,93,188,50.7,27.3
22.3,179,66,91,183,50.5,27.3
22.3,178,66,93,185,50.3,27.3
22.4,179,67,94,186,50.2,27.4
22.4,179,67,91,183,50.2,27.4
22.4,179,64,90,183,50.3,27.4
22.3,179,66,94,188,50.2,27.3
22.3,176,65,91,183,50.6,27.3
22.3,175,67,92,182,50.3,27.3
22.3,176,66,92,183,50.4,27.3
22.2,175,65,89,180,50.6,27.2
26,227,49,69,136,40.1,31
25.9,227,50,70,138,40.3,30.9
25.9,225,49,70,140,40.5,30.9
25.7,222,49,70,139,41,30.7
25.9,223,50,70,136,41.5,30.9
25.9,224,50,69,140,40.4,30.9
25.8,222,49,69,139,40.5,30.8
26,225,49,69,141,41.5,31
26.3,224,49,69,139,40,31.3
26.3,222,49,69,138,40,31.3
26.1,224,50,70,137,39.7,31.1
25.8,223,49,68,136,39.6,30.8
25.6,224,49,69,137,40.8,30.6
25.7,224,48,69,138,41.1,30.7
25.8,224,49,70,136,41.9,30.8
26,225,49,66,135,41.4,31
26.2,227,49,69,136,39.7,31.2
26.1,226,49,68,137,39.6,31.1
26.2,225,49,69,139,40.4,31.2
26.4,225,48,68,136,39.5,31.4
26.5,225,48,68,138,40.1,31.5
26.7,228,49,68,137,40.2,31.7
26.8,227,50,69,138,39.4,31.8
27.2,225,49,69,137,40.5,32.2
27.4,226,49,70,141,38.6,32.4
27.5,228,49,69,141,38.4,32.5
27.3,225,50,69,139,37.9,32.3
27.2,225,50,70,140,38.3,32.2
26.7,226,50,71,140,38,31.7
26.3,226,49,69,141,38.5,31.3
26,225,48,68,139,39.2,31
25.7,224,49,70,141,39.9,30.7
25.5,225,49,68,136,40.4,30.5
25.4,225,50,70,138,40.9,30.4
25.5,228,49,70,139,41.1,30.5
25.8,225,49,70,139,41,30.8
25.9,228,49,69,137,39.7,30.9
26.1,225,49,68,137,39.9,31.1
26.1,227,50,71,140,39.4,31.1
26,226,49,68,139,39.2,31
26,226,49,69,139,39.7,31
26.2,227,50,71,140,39.7,31.2
26.4,227,49,69,138,39.8,31.4
26.5,226,49,68,139,38.6,31.5
26.5,226,49,69,139,39.2,31.5
26.7,221,49,69,137,39.6,31.7
26.9,223,50,69,139,39.2,31.9
26.9,225,49,70,139,38.5,31.9
26.6,223,49,69,139,38.4,31.6
26.5,222,49,70,140,38.3,31.5
26.4,223,50,70,139,39.2,31.4
26.4,222,49,69,137,38.7,31.4
26.4,223,48,69,139,39.1,31.4
26.6,222,50,70,139,39.1,31.6
27,222,50,70,142,38.8,32
27.2,222,50,70,138,38.6,32.2
27.4,223,49,70,141,38.7,32.4
27.4,224,49,70,139,37.6,32.4
26.9,223,50,69,140,37.3,31.9
26.5,223,49,68,139,38.3,31.5
26.3,217,49,68,138,38.7,31.3
26.2,222,50,70,141,39.1,31.2
26.2,222,50,70,140,39.3,31.2
26.2,221,50,71,139,39.1,31.2
26.1,221,49,70,142,39.5,31.1
26.1,223,50,70,141,39.1,31.1
26.3,220,51,69,142,39.6,31.3
26.5,222,49,69,137,39.3,31.5
26.5,220,50,70,142,38.4,31.5
26.6,221,50,69,138,38.9,31.6
26.5,219,49,69,139,38.5,31.5
26.7,218,49,70,141,39.3,31.7
26.7,218,50,71,142,38.6,31.7
26.8,219,49,70,141,38.3,31.8
26.7,221,49,70,144,39,31.7
26.7,220,49,70,139,39.1,31.7
26.9,220,51,71,143,39.4,31.9
27.1,219,50,69,141,38.3,32.1
27.1,220,50,70,139,38.6,32.1
26.8,219,50,71,143,38.4,31.8
26.9,219,50,70,140,38.6,31.9
26.8,220,51,71,142,38,31.8
26.8,219,50,70,140,39.1,31.8
26.8,220,50,69,137,38.4,31.8
27,219,50,71,141,39.1,32
26.9,220,50,70,141,38.6,31.9
26.9,220,50,70,143,39,31.9
26.9,220,49,69,140,38.9,31.9
27.1,219,49,69,141,38.2,32.1
27.2,220,50,71,139,38.9,32.2
27.3,219,50,68,140,38.8,32.3
27.4,219,50,71,142,38.6,32.4
27.5,217,50,71,140,38.1,32.5
27.7,218,49,69,140,37.2,32.7
27.3,219,51,72,143,36.9,32.3
27.2,219,51,70,142,37.2,32.2
27.2,219,51,71,143,38.1,32.2
27.2,219,51,70,140,38.3,32.2
27,220,51,72,144,37.7,32
26.9,219,51,71,143,38.3,31.9
26.9,220,50,70,142,38.4,31.9
26.9,219,50,70,142,38.4,31.9
27,216,51,72,143,38.4,32
27.1,219,50,70,140,38.3,32.1
27.1,218,50,71,142,38.4,32.1
27.1,218,50,70,142,38.3,32.1
27.1,217,49,70,142,38.5,32.1
27.1,219,50,70,140,38.4,32.1
27,219,50,70,143,38.9,32
26.7,214,51,71,144,39,31.7
26.6,216,50,71,142,39.5,31.6
26.9,215,51,72,142,39.6,31.9
27.2,216,51,71,142,38.8,32.2
27.4,217,50,71,142,39.7,32.4
27.7,219,50,70,143,38.8,32.7
27.7,216,51,71,143,37.8,32.7
27.9,217,51,72,142,38,32.9
27.8,217,50,71,140,37,32.8
27.8,216,51,71,144,37.9,32.8
27.8,217,51,72,142,38,32.8
27.6,217,51,71,143,37.8,32.6
27.4,216,50,70,144,37.1,32.4
27.3,216,51,70,141,37.9,32.3
27.4,216,51,72,142,37.6,32.4
27.5,216,51,71,141,38.1,32.5
27.7,216,50,70,144,38.7,32.7
27.9,217,51,71,139,36.8,32.9
28,218,50,72,142,37.7,33
28,216,51,71,143,36.7,33
28.1,217,50,70,141,36.3,33.1
28.1,214,51,73,147,36.8,33.1
28.2,216,50,71,142,36.9,33.2
28,216,51,72,143,36.8,33
28.1,216,51,72,144,37.7,33.1
28.2,217,51,70,139,36.5,33.2
28.2,216,51,71,142,36.8,33.2
28,214,51,71,141,36.3,33
27.8,206,51,72,144,36.6,32.8
27.8,211,51,72,144,36.9,32.8
27.5,207,50,70,142,37,32.5
27.4,205,51,71,143,37.5,32.4
27.2,208,50,72,142,37.5,32.2
27.2,208,51,72,142,38,32.2
27.3,206,51,71,142,37.5,32.3
27.3,206,50,71,144,37.5,32.3
27.4,208,50,71,143,37.6,32.4
27.7,208,51,72,144,38.1,32.7
27.9,207,51,71,144,37.8,32.9
28.1,207,51,71,142,37.6,33.1
28.3,208,51,73,146,36.8,33.3
28.5,203,50,70,143,36.7,33.5
28.7,208,51,71,142,36.9,33.7
28.8,208,50,71,144,35.9,33.8
29,208,50,70,143,34.9,34
29.1,205,51,72,143,34.7,34.1
29,205,51,71,144,34,34
28.9,205,51,72,142,35.1,33.9
28.8,205,51,72,144,35.2,33.8
28.7,205,51,73,144,35.4,33.7
28.6,204,50,70,143,36.1,33.6
28.6,204,50,72,147,36,33.6
28.4,203,51,72,142,36.1,33.4
28.1,205,52,71,143,35.5,33.1
27.8,205,51,72,144,35.9,32.8
27.6,205,51,72,144,36.2,32.6
27.4,204,50,72,144,36.5,32.4
27.4,204,51,72,144,36.6,32.4
27.2,196,51,71,143,36.8,32.2
27.3,196,51,72,144,37.4,32.3
27.5,196,50,71,142,37,32.5
27.9,197,51,72,144,36.5,32.9
28.1,197,51,72,144,36,33.1
28.2,197,51,72,143,36,33.2
28.4,198,50,71,143,35.4,33.4
28.4,197,50,70,140,36.8,33.4
28.5,197,50,70,142,35.5,33.5
28.3,197,51,71,144,34.8,33.3
28,198,51,71,144,35.5,33
27.9,197,50,70,143,35.7,32.9
27.9,198,51,72,143,36.3,32.9
27.9,198,51,72,142,36.1,32.9
27.7,199,50,71,142,36.2,32.7
27.7,199,51,71,142,36.2,32.7
27.7,198,50,71,141,35.9,32.7
27.8,199,50,71,143,36.2,32.8
27.8,199,50,70,139,35.9,32.8
27.7,197,51,71,143,35.6,32.7
27.5,193,50,70,140,35.9,32.5
27.2,190,51,70,142,36.4,32.2
27.2,194,50,70,143,36.8,32.2
27.1,195,50,70,140,36.2,32.1
27.1,194,51,71,140,37.1,32.1
27.2,195,50,71,143,36.7,32.2
27.4,197,50,70,143,37,32.4
27.4,196,50,69,143,36.1,32.4
27.5,198,51,71,143,35.7,32.5
27.4,196,50,71,143,35.9,32.4
27.2,196,49,69,140,35.8,32.2
27.3,196,50,70,140,36,32.3
27.4,195,50,71,140,36.1,32.4
27.5,197,50,71,141,35.3,32.5
27.7,195,50,70,140,35.4,32.7
27.9,196,50,70,141,35.2,32.9
27.7,198,50,70,140,35.4,32.7
27.9,199,50,70,140,35.7,32.9
27.9,199,50,70,142,35.1,32.9
28,200,49,69,139,35.1,33
28,200,50,69,139,35.1,33
28.1,200,49,69,138,35,33.1
28.3,200,50,70,141,34.6,33.3
28.3,201,50,71,141,34.7,33.3
28.4,201,50,70,140,34.4,33.4
28.5,201,50,70,141,34.3,33.5
28.5,202,50,70,138,34.1,33.5
28.6,202,49,68,135,34.2,33.6
28.7,202,50,69,138,34.1,33.7
28.5,202,50,69,138,33.7,33.5
28.4,202,48,67,135,33.9,33.4
28.4,202,49,69,138,33.9,33.4
28.5,202,50,70,139,33.9,33.5
28.7,202,50,69,140,33.2,33.7
28.8,202,49,69,137,33.4,33.8
29,202,49,68,137,33.7,34
29,202,50,71,140,33.4,34
29.1,202,49,67,139,32.3,34.1
29,202,49,69,139,33.1,34
28.9,202,49,70,140,32.6,33.9
28.9,203,50,70,140,33.1,33.9
29.4,202,48,68,137,33.5,34.4
29.3,202,49,69,141,31.9,34.3
29.2,202,49,70,140,32.6,34.2
29.4,201,50,69,137,32.1,34.4
29.7,202,49,69,138,31.5,34.7
29.8,202,50,68,137,31.3,34.8
29.8,202,50,69,138,31.7,34.8
29.8,202,49,69,135,31.7,34.8
29.5,200,50,69,135,31.7,34.5
29.6,199,49,69,139,31.8,34.6
30,199,49,66,134,32.3,35
30.3,200,49,67,140,31.2,35.3
30.3,200,49,68,139,30.9,35.3
30.1,200,50,70,138,30.7,35.1
30.1,200,49,68,138,31.5,35.1
30.3,200,49,68,138,31.5,35.3
30.6,200,49,68,138,31.6,35.6
30.8,199,49,70,140,30.3,35.8
30.8,200,48,67,137,30.2,35.8
30.9,201,50,69,137,30.5,35.9
31.1,199,49,69,140,30.6,36.1
31.3,201,49,69,137,29.8,36.3
31.1,201,49,70,137,31.1,36.1
31,202,49,70,139,29.5,36
30.7,201,50,70,140,29.6,35.7
30.9,201,50,69,138,31.1,35.9
31,200,50,71,141,29.6,36
30.7,199,49,69,139,30.2,35.7
30,200,49,68,139,31.1,35
28.9,199,48,69,137,32.1,33.9
28.4,199,49,69,141,33.3,33.4
28.2,198,49,68,137,34.9,33.2
28.2,199,49,69,138,35.7,33.2
28.2,199,50,71,142,35.2,33.2
28.4,199,50,69,138,35.2,33.4
28.5,199,49,68,134,34.3,33.5
28.8,199,49,68,138,34.1,33.8
29,199,50,68,140,33.9,34
29.6,200,49,70,137,33.6,34.6
29.9,200,49,69,137,32.6,34.9
30.1,199,49,68,139,32.7,35.1
30.3,200,48,69,137,31.7,35.3
30,199,49,68,137,31.6,35
30.1,200,48,68,138,32.2,35.1
30.3,199,49,69,140,32,35.3
30.7,199,49,67,137,31.3,35.7
31.1,199,49,67,135,30.3,36.1
31.3,199,49,68,138,30,36.3
31.4,199,48,69,137,30.8,36.4
31.8,199,49,69,138,29.5,36.8
32.2,200,49,69,135,29.1,37.2
32.4,200,49,69,135,27.5,37.4
32.4,199,50,70,140,28,37.4
32.6,200,48,67,133,28,37.6
32.7,199,48,67,137,27.4,37.7
32.9,199,49,69,139,26.9,37.9
32.6,199,49,69,138,27.4,37.6
32.4,196,50,67,137,27.8,37.4
32.2,196,49,69,141,28.2,37.2
32,197,49,68,137,26.9,37
31.5,197,49,68,139,27.2,36.5
31.1,198,50,68,136,28.5,36.1
31.2,198,48,69,139,28.6,36.2
31,199,49,69,137,29,36
30.8,199,49,69,137,29.2,35.8
30.8,199,49,69,138,29.4,35.8
30.3,199,50,70,139,30.7,35.3
30.3,200,49,67,134,31.2,35.3
30.3,200,49,67,135,31.2,35.3
30.4,200,49,68,134,31.7,35.4
30.3,199,50,69,139,31.1,35.3
30.3,200,48,67,138,31.1,35.3
30.7,200,48,67,134,30.9,35.7
31,200,50,70,140,30.8,36
31.4,200,49,67,137,30.2,36.4
31.4,200,48,69,138,30.2,36.4
31.2,201,49,68,139,29.4,36.2
31.4,201,48,68,140,30.5,36.4
31.8,200,49,69,138,30.3,36.8
32,199,49,69,139,28.6,37
32.1,201,49,69,137,28.5,37.1
31.8,199,49,69,138,28.5,36.8
31.3,199,48,67,132,28.8,36.3
30.9,199,50,70,140,30,35.9
30.7,201,50,71,135,30.8,35.7
30.2,199,49,69,137,31,35.2
30.2,200,49,67,138,31.8,35.2
30.2,199,48,68,135,31.5,35.2
30.1,200,49,69,135,31.5,35.1
30.2,200,49,69,138,31.5,35.2
30.1,199,49,70,140,30.7,35.1
30.1,200,49,67,137,30.9,35.1
30,201,48,69,137,31.4,35
30.1,199,49,68,135,30.9,35.1
30.1,201,48,67,135,31.3,35.1
30.3,201,48,68,138,31.1,35.3
30.1,200,49,68,136,31.2,35.1
29.8,199,48,67,134,31.5,34.8
29.6,201,49,67,136,31.8,34.6
29,199,48,67,137,32.3,34
29,199,48,67,135,32.5,34
29.3,199,48,68,135,32.6,34.3
29.7,199,48,68,136,33.3,34.7
30.1,200,48,69,138,32.7,35.1
30.2,199,48,67,133,31,35.2
30.1,200,47,67,134,31.8,35.1
30.1,199,48,67,136,31.2,35.1
30.2,199,48,68,136,32,35.2
29.5,199,48,68,134,32.3,34.5
29.3,200,48,67,133,32.3,34.3
29.3,199,47,67,134,32.4,34.3
29.4,200,48,69,135,32.4,34.4
29.6,200,49,68,136,32.9,34.6
28.7,199,47,66,134,34,33.7
28.7,200,48,66,132,35.1,33.7
28.8,201,47,66,111,33.8,33.8
29,199,48,67,135,33.5,34
29.5,200,47,66,133,32.7,34.5
30,196,47,65,133,32.7,35
30.5,200,47,66,133,31.6,35.5
30.8,200,47,67,135,30.4,35.8
30.8,200,48,66,132,30.1,35.8
30.6,201,47,66,131,30.7,35.6
30.8,201,47,66,137,30.4,35.8
30.8,200,48,67,132,31.1,35.8
31.3,200,47,66,133,30.6,36.3
31.8,200,48,67,135,29.7,36.8
32.3,200,47,55,132,29.7,37.3
32.4,201,48,66,133,28.1,37.4
32.4,199,47,55,111,28.7,37.4
32,202,48,67,134,28.1,37
32.2,201,47,66,133,29.4,37.2
32.4,201,39,65,133,29.2,37.4
32.6,201,48,67,134,28.2,37.6
32.7,200,47,66,134,28.2,37.7
32.3,201,47,65,111,29.3,37.3
31.9,199,48,67,135,28.9,36.9
31.3,199,48,66,135,29.3,36.3
30.1,199,47,65,135,31.3,35.1
29.7,199,48,66,133,32.3,34.7
29.5,199,47,67,135,32.4,34.5
29.5,199,47,66,132,31.8,34.5
29.6,197,48,66,132,32.3,34.6
29.7,199,47,67,135,32,34.7
29.7,199,47,66,135,32.2,34.7
29.8,199,47,66,133,32.1,34.8
30,199,47,66,134,31.6,35
29.8,200,47,66,132,31.9,34.8
29.9,199,47,66,131,31.9,34.9
30,199,47,67,131,31.6,35
30.4,200,47,65,133,31.5,35.4
30.5,200,47,55,111,30.7,35.5
30.5,200,48,66,135,31,35.5
30.7,199,48,67,134,31.1,35.7
30.5,200,48,67,132,31.3,35.5
30.5,199,47,66,131,31.5,35.5
30.3,200,47,66,131,31.1,35.3
29.8,200,47,66,134,31,34.8
29.7,200,48,66,133,32.1,34.7
29.5,200,48,67,132,32.8,34.5
29.4,199,47,65,111,32.3,34.4
29,199,47,55,111,32.7,34
29,201,47,66,132,32.8,34
29,200,48,65,131,33.1,34
29.7,201,39,55,111,33.9,34.7
30.1,200,48,67,134,32.9,35.1
30.6,201,47,55,131,31.3,35.6
30.6,200,39,67,132,31.6,35.6
30.6,201,47,66,134,30.8,35.6
30.6,202,47,66,133,31.6,35.6
30.5,202,47,55,132,30.9,35.5
30.4,202,39,55,111,31.8,35.4
30.3,200,47,66,132,31.9,35.3
29.8,200,47,66,133,32.1,34.8
29.3,201,47,65,111,32.6,34.3
29.3,200,47,55,131,33.4,34.3
29.5,202,39,55,131,33.8,34.5
29.9,201,47,66,111,34.3,34.9
29.9,201,39,55,111,32.3,34.9
30,201,47,66,132,33.3,35
30.2,202,47,65,111,33.7,35.2
30.4,201,47,65,132,32.7,35.4
30.6,200,39,55,111,32,35.6
30.6,201,39,55,111,32.9,35.6
30.8,199,39,55,111,33.5,35.8
31.3,200,39,55,111,31.2,36.3
31.6,202,47,66,111,29.7,36.6
32,203,39,55,131,28.9,37
32.2,202,47,55,111,29.8,37.2
32.7,202,39,55,111,28.9,37.7
32.9,203,39,55,131,28.5,37.9
33,208,39,66,134,27.8,38
32.8,206,39,55,111,27.3,37.8
32.4,206,47,55,111,28.8,37.4
31.4,206,47,65,111,28.7,36.4
30.9,206,39,55,111,29.5,35.9
31.2,207,39,65,131,29.7,36.2
31.5,208,39,55,111,29.3,36.5
31.8,208,39,55,111,28.6,36.8
32.3,208,39,55,131,29.9,37.3
32.7,208,47,55,111,27.4,37.7
32.8,208,47,55,131,27.3,37.8
32.7,208,39,55,111,27.8,37.7
32.4,209,39,66,111,28.4,37.4
32.2,209,39,55,111,28.2,37.2
32.1,208,47,66,132,29.3,37.1
31.8,210,39,65,132,28.4,36.8
31.3,210,39,55,111,28.8,36.3
30.9,208,39,55,111,29.4,35.9
30.7,209,47,65,111,29.8,35.7
30.6,211,39,55,111,30.9,35.6
30.1,209,39,55,111,30,35.1
29.8,210,39,55,111,30.9,34.8
29.5,211,39,55,131,31.5,34.5
29.4,210,39,55,111,32.2,34.4
29.6,212,47,65,132,32,34.6
29.8,211,39,55,111,31.9,34.8
30,211,39,55,111,32,35
30.2,212,39,55,111,32.4,35.2
30.3,211,39,55,111,31.7,35.3
30.4,213,39,55,111,31,35.4
30.1,212,39,55,111,31.6,35.1
30,211,39,65,111,30.8,35
29.8,211,39,55,111,31.6,34.8
29.4,209,39,55,111,31,34.4
28.9,209,39,55,111,32.1,33.9
28.6,208,39,55,111,32.2,33.6
28.6,208,39,55,111,32.9,33.6
28.8,209,39,55,111,32.9,33.8
28.8,208,39,55,111,33,33.8
28.9,208,39,55,111,33.6,33.9
28.9,208,39,55,111,33.1,33.9
28.8,208,39,55,111,33.1,33.8
28.8,208,39,55,111,33.5,33.8
29,207,39,55,111,33.9,34
28.8,207,39,55,111,33.5,33.8
28.8,206,39,55,111,33.6,33.8
28.8,207,39,55,111,32.6,33.8
28.7,205,39,55,111,33.3,33.7
28.4,205,39,55,111,32.8,33.4
28.2,205,39,55,111,33.7,33.2
28.1,204,39,55,111,34.3,33.1
28.3,205,39,55,111,34,33.3
28.5,205,39,55,111,34.2,33.5
28.9,205,39,55,111,33.3,33.9
28.8,206,39,55,111,32.8,33.8
28.5,205,39,55,111,33.1,33.5
28,205,39,55,111,34,33
27.7,204,39,55,111,34.5,32.7
27.2,205,39,55,111,35.3,32.2
27.1,203,39,55,111,36.7,32.1
27.7,205,39,55,111,36.8,32.7
28.2,205,39,55,111,36.1,33.2
28.6,205,39,55,111,34.7,33.6
28.7,204,39,55,111,33.7,33.7
28.6,205,39,55,111,33.9,33.6
28.6,205,39,55,111,33.3,33.6
28.6,205,39,55,111,33.4,33.6
28.7,205,39,55,111,33.3,33.7
28.5,205,39,55,111,33,33.5
28.3,205,39,55,111,33.6,33.3
28.4,205,39,55,111,33.6,33.4
28.4,205,39,55,111,33,33.4
28.7,206,39,55,111,32.9,33.7
28.9,205,39,55,111,33,33.9
29.1,205,39,55,111,32.7,34.1
29.4,205,39,55,111,33.2,34.4
29.3,205,39,55,111,32,34.3
29.3,206,39,55,111,32.2,34.3
29.1,205,39,55,111,32,34.1
28.9,205,39,55,111,32,33.9
28.6,205,39,55,111,32.5,33.6
28.3,205,39,55,111,33.1,33.3
28.3,205,39,55,111,33.8,33.3
28.4,205,39,55,110,33.6,33.4
28.8,206,39,55,110,33.3,33.8
29,205,39,55,110,32.3,34
29.3,205,39,55,110,31.9,34.3
29.2,205,39,55,111,32.9,34.2
29.4,206,39,55,111,32.6,34.4
29.5,205,39,55,110,32,34.5
29,207,39,55,111,32.7,34
29.1,206,39,55,110,33.1,34.1
29.8,206,39,55,110,32.6,34.8
30.3,205,39,55,110,31.6,35.3
31,205,39,55,110,31.1,36
31.5,205,39,55,110,29.2,36.5
31.9,205,39,55,110,30.3,36.9
32.3,206,39,55,110,28.7,37.3
32.7,205,39,55,110,27.6,37.7
33.2,204,39,55,110,27.7,38.2
33.5,205,39,55,110,26.1,38.5
33.5,204,39,55,111,25.6,38.5
33.5,205,39,55,110,26.4,38.5
33.6,205,39,55,110,27.3,38.6
33.7,204,39,55,110,26.3,38.7
33.6,203,39,55,110,26.2,38.6
33.2,205,39,55,110,26.1,38.2
32.4,204,39,55,110,26.1,37.4
32,204,39,55,111,26.5,37
32,204,39,55,111,26.7,37
31.9,204,39,55,111,26.6,36.9
31.9,203,39,55,110,26.6,36.9
31.9,200,39,55,110,27,36.9
32.1,201,39,55,111,27.6,37.1
32.3,199,39,55,111,26.9,37.3
32.7,200,39,55,110,26.9,37.7
33.1,199,39,55,111,27.3,38.1
33.2,200,39,55,111,27.5,38.2
32.9,200,39,55,111,27.9,37.9
32.9,200,39,55,110,28,37.9
33,203,39,55,111,29.4,38
33.2,208,39,55,111,29.4,38.2
33.4,212,39,55,110,25.6,38.4
33.3,213,39,55,111,25.8,38.3
33.2,215,39,55,110,26.2,38.2
32.9,215,39,55,111,25.8,37.9
32.5,216,39,55,111,25.6,37.5
32.3,216,39,55,111,26.3,37.3
32.2,217,39,55,111,26,37.2
32,219,39,55,111,26.3,37
32,218,39,55,111,27.6,37
31.8,218,39,55,110,26.9,36.8
31.6,218,39,55,111,27.2,36.6
31.1,219,39,55,111,28.2,36.1
30.7,218,39,55,111,28.9,35.7
30.8,217,39,55,111,29.4,35.8
31.1,218,39,55,111,29,36.1
31.3,217,39,55,111,29.6,36.3
31.9,219,39,55,111,28.4,36.9
32.4,219,39,55,110,27.3,37.4
32.7,218,39,55,111,27.4,37.7
32.9,219,39,55,111,25.3,37.9
32.2,220,39,55,111,25.5,37.2
31.3,219,39,55,111,26.6,36.3
31.3,219,39,55,111,27.7,36.3
31.5,216,39,55,111,27.5,36.5
31.8,219,39,55,111,27.4,36.8
31.8,219,39,55,111,27.4,36.8
31.5,220,39,55,111,28.9,36.5
31.5,219,39,55,111,28.2,36.5
31.5,218,39,55,110,28.5,36.5
31.8,220,39,55,111,27.4,36.8
31.9,218,39,55,110,27,36.9
31.7,218,39,55,111,27.9,36.7
31.1,219,39,55,111,28.2,36.1
30.8,218,39,55,111,29.6,35.8
31.1,219,39,55,111,29.4,36.1
31.3,219,39,55,111,28.7,36.3
31.8,219,39,55,111,28.6,36.8
32.3,219,39,55,111,27.2,37.3
33,218,39,55,111,28.3,38
33.5,219,39,55,110,25.4,38.5
33.7,218,39,55,111,24.1,38.7
33.9,216,39,55,111,25,38.9
34.2,218,39,55,111,23.2,39.2
33.9,218,39,55,111,23.5,38.9
33.7,218,39,55,111,24.9,38.7
33.9,218,39,55,110,24.4,38.9
34.3,217,39,55,111,24.1,39.3
34.3,216,39,55,111,23.8,39.3
34.3,216,39,55,110,23.5,39.3
34.3,216,39,55,111,23.6,39.3
33.9,215,39,55,110,24.3,38.9
33.7,216,39,55,110,24.4,38.7
33.4,215,39,55,110,23.6,38.4
33.4,216,39,55,111,23.8,38.4
33.3,215,39,55,111,23.5,38.3
33.4,215,39,55,111,23.5,38.4
33.5,216,39,55,111,23.6,38.5
33.1,215,39,55,111,23.8,38.1
33.1,215,39,55,110,24,38.1
33.3,216,39,55,111,25.4,38.3
32.9,215,39,55,110,24.2,37.9
32.5,214,39,55,111,26,37.5
31.4,215,39,55,111,27.4,36.4
31,213,39,55,111,28,36
31.4,214,39,55,110,27.3,36.4
31.9,213,39,55,111,28,36.9
32,215,39,55,111,26.4,37
32.4,213,39,55,110,27.9,37.4
32.9,210,39,55,110,26.4,37.9
33,210,39,55,111,24.7,38
33.2,211,39,55,110,24.2,38.2
33.5,208,39,55,111,24.6,38.5
33.9,207,39,55,111,23.5,38.9
33.9,207,39,55,111,23.6,38.9
34.2,207,39,55,110,23,39.2
34.4,207,39,55,111,23.5,39.4
33.9,207,39,55,110,22.8,38.9
33.7,207,39,55,110,23.4,38.7
33.7,207,39,55,110,23.6,38.7
33.7,206,39,55,110,23.9,38.7
33.7,206,39,55,111,23.5,38.7
33.6,204,39,55,110,23.5,38.6
33.8,207,39,55,110,23.3,38.8
33.7,207,39,55,110,23.4,38.7
33.3,207,39,55,110,23.3,38.3
32.9,208,39,55,110,23.4,37.9
32.9,207,39,55,110,23.9,37.9
33.1,208,39,55,110,23.6,38.1
33.4,207,39,55,110,23.6,38.4
33.9,206,39,55,110,23.3,38.9
33.9,208,39,55,111,22.9,38.9
34.2,208,39,55,111,24.3,39.2
34.6,207,39,55,110,22.7,39.6
34.8,207,39,55,111,22.1,39.8
34.4,207,39,55,111,22.5,39.4
33.3,207,39,55,111,23.3,38.3
32.6,208,39,55,111,24.2,37.6
32.8,208,39,55,111,24.3,37.8
33.1,207,39,55,111,24.7,38.1
33.3,207,39,55,111,23.5,38.3
33.6,207,39,55,110,23.1,38.6
33.8,209,39,55,110,23.3,38.8
33.9,208,39,55,110,23.4,38.9
34,207,39,55,111,24.5,39
34.3,206,39,55,110,23.2,39.3
34.6,204,39,55,110,22.9,39.6
34.4,204,39,55,110,22.8,39.4
34.3,204,39,55,110,22.6,39.3
34,204,39,55,110,22.8,39
33.7,204,39,55,110,22.9,38.7
33.7,204,39,55,110,23.6,38.7
33.7,204,39,55,110,23.2,38.7
33.6,204,39,55,111,23.2,38.6
33.7,204,39,55,110,23.3,38.7
33.2,204,39,55,110,23.1,38.2
32.9,204,39,55,110,23.5,37.9
32.6,203,39,55,110,23.9,37.6
32.5,204,39,55,110,24.2,37.5
32.5,204,39,55,111,23.9,37.5
32.7,201,39,55,110,24,37.7
32.7,203,39,55,110,23.8,37.7
32,203,39,55,110,24.9,37
32.2,203,39,55,111,25.5,37.2
32.4,203,39,55,110,24.3,37.4
32.9,201,39,55,110,24.1,37.9
32.9,203,39,55,110,24.1,37.9
33.1,203,39,55,110,24.6,38.1
33.3,204,39,55,110,24.7,38.3
33.3,204,39,55,110,23.1,38.3
33.2,203,39,55,110,23.3,38.2
33.3,204,39,55,110,23.3,38.3
33.3,204,39,55,111,23.6,38.3
33.5,204,39,55,110,23.3,38.5
33.5,203,39,55,110,22.9,38.5
33.7,203,39,55,110,22.9,38.7
33.7,203,39,55,111,23,38.7
34,204,39,55,110,22.8,39
34.3,204,39,55,110,22.1,39.3
34.2,205,39,55,110,22,39.2
34.2,204,39,55,110,22,39.2
34.1,204,39,55,110,22.5,39.1
34,203,39,55,110,22.4,39
34.1,204,39,55,110,22.3,39.1
34.2,203,39,55,110,22.4,39.2
34.2,203,39,55,110,21.5,39.2
34.2,203,39,55,110,21.8,39.2
34.2,203,39,55,110,21.8,39.2
34.1,204,39,55,110,22,39.1
34.2,204,39,55,110,21.3,39.2
34.2,203,39,55,110,21.8,39.2
34.4,204,39,55,110,21.9,39.4
34.6,203,39,55,111,22.1,39.6
34.7,204,39,55,110,22.1,39.7
34.8,201,39,55,110,20.6,39.8
34.8,201,39,55,110,20.9,39.8
34.8,203,39,55,110,21.3,39.8
35,204,39,55,110,21.7,40
35.1,202,39,55,110,22,40.1
35.2,201,39,55,110,20.4,40.2
34.8,201,39,55,110,20.9,39.8
34.8,196,39,55,110,21.7,39.8
34.8,196,39,55,110,21.9,39.8
34.7,197,39,55,110,20.6,39.7
34.6,197,39,55,110,21,39.6
34.4,198,39,55,110,21.1,39.4
33.9,198,39,55,110,21,38.9
33.3,199,39,55,110,21.7,38.3
32.8,199,39,55,110,22.7,37.8
32.2,199,39,55,110,23.3,37.2
32,199,39,55,110,23.5,37
31.9,199,39,55,110,23.4,36.9
32,199,39,55,110,23.9,37
31.9,200,39,55,110,24,36.9
32,198,39,55,110,23.5,37
32.3,200,39,55,110,23.5,37.3
32,199,39,55,110,23.5,37
32,200,39,55,110,23.4,37
32,202,39,55,110,23.7,37
31.9,202,39,55,110,23.7,36.9
31.6,201,39,55,110,23.6,36.6
31.7,207,39,55,110,24.6,36.7
32.1,206,39,55,110,24,37.1
31.9,206,39,55,110,23.8,36.9
31.5,207,39,55,110,24,36.5
31.7,208,39,55,110,24,36.7
31.8,208,39,55,110,24.3,36.8
31.8,208,39,55,110,23.8,36.8
31.7,207,39,55,110,24.1,36.7
30.9,208,39,55,110,24.7,35.9
30.5,207,39,55,110,25.8,35.5
30.8,209,39,55,110,26.3,35.8
31.2,208,39,55,110,25,36.2
31.5,208,39,55,110,24.8,36.5
31.8,208,39,55,110,24,36.8
32,209,39,55,110,23.9,37
32.4,207,39,55,110,23.4,37.4
32.6,208,39,55,110,23.3,37.6
32.5,207,39,55,110,23.2,37.5
32.3,208,39,55,110,23.3,37.3
32.4,208,39,55,110,23.5,37.4
32.6,208,39,55,110,23.7,37.6
32.8,208,39,55,110,23.1,37.8
33.1,209,39,55,110,22.6,38.1
33.5,207,39,55,110,22.5,38.5
33.8,208,39,55,110,23.4,38.8
34.4,210,39,55,110,22.4,39.4
34.6,208,39,55,110,22,39.6
34.4,208,39,55,110,20.8,39.4
33.9,207,39,55,110,20.6,38.9
33.7,209,39,55,110,22.4,38.7
33.7,207,39,55,110,21.7,38.7
33.9,207,39,55,110,22.1,38.9
33.8,207,39,55,110,22.3,38.8
33.7,208,39,55,110,22.2,38.7
33.5,208,39,55,110,22.2,38.5
33.2,208,39,55,110,22.2,38.2
32.7,209,39,55,110,22.6,37.7
32.3,209,39,55,110,22.8,37.3
32,208,39,55,110,23.6,37
31.8,208,39,55,110,23.4,36.8
31.5,209,39,55,110,24,36.5
31.7,208,39,55,110,24.1,36.7
32,208,39,55,110,23.8,37
32.4,209,39,55,110,23.7,37.4
32.6,208,39,55,110,23.6,37.6
32.6,210,39,55,110,23.2,37.6
32.5,208,39,55,110,22.6,37.5
32.7,208,39,55,110,22.6,37.7
32.8,209,39,55,110,22.7,37.8
32.6,210,39,55,110,22.6,37.6
32.6,210,39,55,110,22.8,37.6
32.8,210,39,55,110,22.9,37.8
33,210,39,55,110,22.3,38
33.3,210,39,55,110,22.3,38.3
33.5,210,39,55,110,23.2,38.5
32.6,210,39,55,109,22,37.6
32.5,210,39,55,110,23.3,37.5
32.6,210,39,55,110,23.9,37.6
32.8,209,39,55,110,23.8,37.8
32.7,210,39,55,110,23.8,37.7
33,210,39,55,110,22.8,38
33.3,210,39,55,110,22.6,38.3
33.6,210,39,55,110,23,38.6
33.9,210,39,55,110,22.1,38.9
34.1,210,39,55,110,21.4,39.1
34.3,210,39,55,110,20.7,39.3
34.4,210,39,55,110,21.9,39.4
34.6,210,39,55,110,21.4,39.6
34.7,210,39,55,110,21.4,39.7
34.8,210,39,55,109,22.5,39.8
34.6,210,39,55,110,20.8,39.6
34.1,210,39,55,110,21.4,39.1
33.7,210,39,55,110,21.3,38.7
33.6,210,39,55,110,22.3,38.6
33.6,210,39,55,110,21.7,38.6
33.4,210,39,55,110,21.8,38.4
33.3,210,39,55,110,22.2,38.3
33,211,39,55,110,22.8,38
32.9,211,39,55,110,22.9,37.9
32.6,210,39,55,110,22.7,37.6
32.3,210,39,55,110,22.7,37.3
32.2,212,39,55,110,22.9,37.2
32.2,211,39,55,110,23,37.2
32.1,212,39,55,110,23.6,37.1
32,210,39,55,110,23.4,37
32,211,39,55,110,23.3,37
32.1,210,39,55,110,23.6,37.1
32.3,211,39,55,109,23.6,37.3
32.5,211,39,55,110,23.6,37.5
32.7,211,39,55,110,23,37.7
32.7,210,39,55,110,23.2,37.7
32.7,212,39,55,110,22.7,37.7
32.6,211,39,54,110,22.9,37.6
32.5,211,39,55,110,22.7,37.5
32.5,210,39,55,110,22.9,37.5
32.2,212,39,55,110,23.7,37.2
31.9,210,39,55,110,24,36.9
32,210,39,55,110,23.4,37
32.2,212,39,55,110,23.9,37.2
32,211,39,55,110,23.9,37
32.2,210,39,54,110,23.5,37.2
32.2,211,39,55,110,23.2,37.2
32.4,211,39,55,110,23.2,37.4
32.6,211,39,55,110,23.4,37.6
32.9,212,39,55,110,23.1,37.9
33.1,212,39,55,110,22.6,38.1
32.6,211,39,55,110,22.8,37.6
31.3,211,39,55,110,23.9,36.3
31.3,211,39,55,110,25.4,36.3
31.5,211,39,54,110,24,36.5
31.5,211,39,55,110,23.8,36.5
31.5,212,39,55,110,24.1,36.5
31.5,211,39,55,110,24.1,36.5
31.2,211,39,55,110,24.3,36.2
31.3,212,39,55,110,25.7,36.3
31.8,211,39,54,110,24.3,36.8
32,212,39,55,110,24.2,37
31.9,211,39,55,110,23.7,36.9
31.2,212,39,55,110,23.7,36.2
30.6,211,39,55,110,24.5,35.6
30.6,211,39,55,110,25.9,35.6
30.9,212,39,55,110,24.6,35.9
31.2,211,39,55,110,25.8,36.2
31.7,211,39,55,110,26.2,36.7
32.2,210,39,55,110,25.6,37.2
32.8,210,39,55,110,24.4,37.8
33.2,210,39,55,110,23.6,38.2
33.5,209,39,55,110,22.4,38.5
33.9,210,39,55,110,21.6,38.9
34.2,210,39,55,110,22.6,39.2
34.4,210,39,55,110,22.3,39.4
34.6,210,39,55,110,20.8,39.6
34.8,210,39,55,110,20.7,39.8
34.9,210,39,55,110,20.5,39.9
34.9,210,39,55,110,21.7,39.9
33.8,210,39,55,110,21.4,38.8
32.3,210,39,55,110,23.2,37.3
31.9,210,39,55,110,23.6,36.9
31.9,209,39,55,110,24.1,36.9
31.9,210,39,55,110,23.9,36.9
32,210,39,55,110,23.8,37
32,210,39,55,110,23.8,37
32.1,210,39,55,110,24.2,37.1
32.1,210,39,55,110,23.8,37.1
32.2,210,39,55,110,24.2,37.2
32.2,209,39,55,110,24,37.2
32.2,210,39,55,110,24,37.2
32.4,210,39,55,110,23.8,37.4
32.7,210,39,55,110,23.8,37.7
32.9,210,39,55,110,23.3,37.9
33,211,39,55,110,22.8,38
32.9,210,39,55,110,22.8,37.9
32.9,210,39,55,110,22.7,37.9
32.9,210,39,55,110,23,37.9
33,210,39,55,110,22.6,38
33.2,210,39,55,110,22.6,38.2
33.2,210,39,55,110,22.9,38.2
33.1,210,39,55,110,23.1,38.1
33.1,207,39,55,110,23.7,38.1
33.3,207,39,55,110,23.4,38.3
33.5,207,39,55,110,22.4,38.5
33.4,206,39,55,110,22.5,38.4
33.4,206,39,55,110,22.5,38.4
33.6,207,39,55,110,22.4,38.6
33.7,206,39,55,110,21.7,38.7
33.9,206,39,54,109,22,38.9
33.9,206,39,55,110,21.9,38.9
33.9,207,39,55,110,22.1,38.9
34,203,39,55,110,21.9,39
33.8,207,39,55,110,21.5,38.8
33.5,206,39,55,110,21.5,38.5
33.2,205,39,55,109,21.5,38.2
33.1,203,39,55,109,21.7,38.1
33.2,202,39,55,110,22.2,38.2
33.1,196,39,55,110,22.5,38.1
33,198,39,55,110,22.4,38
33,198,39,55,110,22.6,38
32.9,199,39,54,109,22.8,37.9
32.9,198,39,55,109,22.3,37.9
32.4,198,39,55,110,22.7,37.4
31.7,198,39,55,110,23.3,36.7
30.7,199,39,54,110,23.6,35.7
29.7,199,39,55,110,24.8,34.7
29.4,199,39,55,110,25.7,34.4
29,199,39,55,110,27.1,34
28.9,196,39,55,109,28.6,33.9
28.8,199,39,55,110,27.5,33.8
28.9,198,39,54,110,27.3,33.9
29.1,199,39,55,110,28.2,34.1
29.6,199,39,55,110,27.5,34.6
30.1,199,39,55,110,27.2,35.1
30.6,199,39,54,109,25.9,35.6
31,200,39,54,109,24.3,36
31.3,201,39,54,109,24.1,36.3
31.3,200,39,55,110,24.1,36.3
31.5,199,39,55,109,23.6,36.5
31.7,202,39,55,110,24.2,36.7
32,200,39,54,110,23.9,37
32.2,199,39,54,110,23.4,37.2
32.3,199,39,55,110,23.2,37.3
32.4,199,39,55,109,23.4,37.4
32.3,199,39,54,110,23.1,37.3
32.1,199,39,54,109,22.7,37.1
32,200,39,54,109,23,37
31.9,198,39,55,109,22.8,36.9
32,199,39,54,110,23.2,37
31.8,199,39,54,109,23.6,36.8
31.7,199,39,54,109,23.7,36.7
31.7,200,39,54,109,23.3,36.7
31.8,200,39,55,110,23.5,36.8
31.7,200,39,54,109,23,36.7
31.4,199,39,54,109,23.4,36.4
31.5,201,39,55,109,23.5,36.5
31.9,200,39,54,109,23.7,36.9
32,201,39,54,109,23.9,37
32.2,199,39,54,109,23.6,37.2
32.6,202,39,54,110,23.2,37.6
32.7,201,39,54,109,22.8,37.7
32.8,200,39,54,109,22.4,37.8
32.9,200,39,55,109,21.9,37.9
33.1,201,39,54,109,22.6,38.1
33.2,200,39,54,109,23.5,38.2
33.1,200,39,54,109,23.1,38.1
33,201,39,54,109,23.8,38
33.1,202,39,54,109,22.7,38.1
32.2,200,39,54,109,22.8,37.2
31.5,198,39,54,110,23.3,36.5
31.4,199,39,54,110,23.8,36.4
31.2,200,39,54,109,23.8,36.2
30.4,200,39,54,109,24.5,35.4
30.4,200,39,54,109,24.8,35.4
30.6,201,39,54,109,24.7,35.6
30.8,200,39,54,109,24.5,35.8
31.1,199,39,54,109,26,36.1
31.5,199,39,54,109,25.1,36.5
31.6,200,39,54,109,24.1,36.6
31.1,200,39,54,109,24.2,36.1
29.9,201,39,54,109,24.7,34.9
29.8,199,39,54,109,26.8,34.8
30,200,39,54,109,26.4,35
29.8,200,39,54,109,25.5,34.8
29.5,202,39,54,109,25.9,34.5
29.7,202,39,54,109,26.4,34.7
29.7,201,39,54,109,26.2,34.7
29.9,201,39,54,109,26.5,34.9
29.4,201,39,54,109,25.5,34.4
28.9,200,39,54,109,26.7,33.9
28.3,200,39,54,109,26.7,33.3
27.9,201,39,54,109,27.6,32.9
27.7,202,39,54,109,27.8,32.7
27.5,201,39,54,109,27.8,32.5
27.9,201,39,54,109,29.9,32.9
28,197,39,54,109,28.3,33
28.1,201,39,54,109,28.4,33.1
28.3,201,39,54,109,29.5,33.3
28.7,201,39,54,109,28.6,33.7
28.9,202,39,54,109,28.9,33.9
29,200,39,54,109,27.9,34
29.2,201,39,54,109,26.7,34.2
29.6,201,39,54,109,27,34.6
29.9,201,39,54,109,28.2,34.9
30.1,202,39,54,109,27.7,35.1
30,202,39,54,109,25,35
29.5,201,39,54,109,27,34.5
29.5,202,39,54,109,27.1,34.5
29.4,201,39,54,109,26.7,34.4
29.1,203,39,54,109,26.4,34.1
29,202,39,54,109,27.2,34
29.4,201,39,54,109,27.1,34.4
29.5,202,39,54,109,27.5,34.5
29.8,203,39,54,109,27.7,34.8
30.1,199,39,54,109,26.3,35.1
30.1,207,39,54,109,25.4,35.1
30.3,196,39,54,109,25.4,35.3
30.2,196,39,54,109,25.8,35.2
29.9,195,39,54,109,26.2,34.9
29.9,194,39,54,109,26,34.9
30,196,39,54,109,26,35
30,196,39,54,109,26,35
30,195,39,54,109,26.3,35
30,196,38,54,109,26.1,35
30,196,39,54,109,26.8,35
30,196,38,54,109,26.4,35
30,196,39,54,109,25.8,35
30.1,196,38,54,109,26.7,35.1
30.1,188,38,54,109,26.5,35.1
30.1,196,39,54,109,26,35.1
30.2,196,39,54,109,25.6,35.2
30.3,196,38,54,109,26.2,35.3
30.4,194,39,54,109,26.6,35.4
30.6,196,39,54,109,26.6,35.6
30.8,196,38,54,108,25.6,35.8
30.8,196,39,54,109,24.9,35.8
30.9,196,39,54,109,25.4,35.9
31,196,39,54,109,24.6,36
31.1,196,38,54,109,25.1,36.1
31.1,197,39,54,109,24.7,36.1
31,194,39,54,109,24.5,36
30.8,196,38,54,109,24.4,35.8
30.6,198,38,54,108,24.5,35.6
30.5,196,38,54,108,24.6,35.5
30.3,196,38,54,109,24.9,35.3
30.2,197,38,54,108,25.1,35.2
30.2,196,38,54,109,25,35.2
30.2,196,38,54,109,25.3,35.2
30.3,196,38,54,108,25.2,35.3
30.3,196,38,54,108,25.9,35.3
30.3,196,38,54,108,26.2,35.3
30.2,196,38,54,109,25.8,35.2
30.1,196,38,54,108,26.5,35.1
30.1,196,38,54,109,25.9,35.1
30.1,196,38,54,109,26.1,35.1
30.3,194,38,54,109,25.4,35.3
30.3,196,38,54,109,24.9,35.3
30.4,196,38,54,108,25,35.4
30.5,196,38,54,108,26.1,35.5
30.4,190,38,54,108,25.3,35.4
30.5,196,38,54,108,25.6,35.5
30.5,196,38,54,109,25.5,35.5
30.4,196,38,54,109,25.5,35.4
30.3,196,38,54,108,25.9,35.3
30.3,196,38,54,109,25.8,35.3
30.3,194,38,54,108,26,35.3
30.3,196,38,54,108,27.1,35.3
30.4,196,38,54,109,27.8,35.4
30.5,197,38,54,108,25.5,35.5
30.6,196,38,54,108,25.4,35.6
30.6,196,38,54,108,25.7,35.6
30.7,196,38,54,109,26.1,35.7
30.6,196,38,54,108,25.5,35.6
30.6,197,38,54,108,25.2,35.6
30.1,196,38,54,108,25.3,35.1
29.1,196,38,54,109,26.8,34.1
28.8,196,38,54,108,27.9,33.8
28.8,196,38,54,109,28.5,33.8
28.8,195,38,54,108,28.2,33.8
28.6,197,38,54,109,27.6,33.6
28.4,196,38,54,108,27.9,33.4
28.5,196,38,54,108,27.7,33.5
28.6,198,38,54,108,28.5,33.6
28.7,197,38,54,108,29,33.7
28.4,199,38,54,109,28.6,33.4
28,197,38,54,108,27.8,33
28,193,38,54,108,28.9,33
27.6,197,38,54,108,28.8,32.6
27.3,197,38,54,108,29,32.3
27.3,196,38,54,108,30.5,32.3
27.2,197,38,54,108,30.2,32.2
27.1,196,38,54,108,29.7,32.1
27.2,197,38,54,108,31.2,32.2
27.1,197,38,54,108,30.8,32.1
27.2,197,38,54,108,30.9,32.2
27.1,196,38,54,108,31.1,32.1
27.1,197,38,54,108,31.4,32.1
27.3,196,38,54,108,30.8,32.3
27.6,199,38,54,108,30.6,32.6
27.9,197,38,54,108,29.8,32.9
28,196,38,54,108,29.7,33
28.2,197,38,54,108,29.9,33.2
28.1,196,38,54,108,29.7,33.1
28.1,196,38,54,108,29.5,33.1
28.1,197,38,54,108,29.5,33.1
28.1,196,38,54,108,29.3,33.1
28.2,196,38,54,108,29.7,33.2
28.4,196,38,54,108,30.7,33.4
28.6,196,38,54,108,30.6,33.6
28.7,196,38,54,108,30.9,33.7
28.8,196,38,54,108,29.9,33.8
29,196,38,54,108,30.9,34
29.1,196,38,54,108,30.2,34.1
29.3,196,38,54,108,29.8,34.3
29.2,196,38,54,108,30.3,34.2
28.8,196,38,54,108,28.9,33.8
28.7,195,38,54,108,28.5,33.7
28.6,194,38,54,108,28.7,33.6
28.6,192,38,54,108,28.6,33.6
28.5,191,38,54,108,28.6,33.5
28.6,190,38,54,108,29.3,33.6
28.6,192,38,54,108,28.6,33.6
28.5,191,38,54,107,28.7,33.5
28.5,195,38,54,108,29,33.5
28.4,196,38,54,108,29.3,33.4
28.4,193,38,54,108,29.5,33.4
28.4,198,38,54,107,29.2,33.4
28.4,199,38,54,108,28.7,33.4
28.4,200,38,54,108,29.3,33.4
28.4,201,38,54,108,29.6,33.4
28.5,200,38,54,108,29.9,33.5
28.5,202,38,54,108,29.3,33.5
28.5,202,38,54,108,28.7,33.5
28.4,201,38,54,108,28.9,33.4
28.2,202,38,54,108,29.2,33.2
27.8,202,38,54,108,29.8,32.8
27.8,202,38,54,108,30,32.8
27.9,202,38,54,108,30.1,32.9
27.9,202,38,54,107,30.3,32.9
27.9,202,38,54,108,30.1,32.9
27.8,201,38,54,108,29.9,32.8
27.9,204,38,54,108,29.8,32.9
28,205,38,53,108,29.8,33
28.1,205,38,54,107,29.8,33.1
28.1,204,38,54,108,31.7,33.1
28.2,204,38,54,108,31,33.2
28.2,201,38,54,108,30.4,33.2
28.2,204,38,54,107,30.5,33.2
28.1,205,38,54,108,29.5,33.1
28.1,203,38,54,108,30.2,33.1
28,204,38,54,108,29.8,33
27.9,203,38,54,107,30.4,32.9
27.7,203,38,53,108,30.4,32.7
27.6,203,38,53,107,30.7,32.6
27.5,201,38,54,108,30.8,32.5
27.5,200,38,54,108,31.3,32.5
27.5,203,38,53,108,30.8,32.5
27.6,203,38,53,107,30.4,32.6
27.7,204,38,53,107,31.1,32.7
27.6,204,38,54,108,30.8,32.6
27.4,204,38,54,108,31.9,32.4
27,204,38,53,107,32.1,32
26.7,203,38,53,107,32.9,31.7
26.7,204,38,54,108,32.4,31.7
26.7,204,38,53,108,32.7,31.7
26.7,204,38,54,108,32.5,31.7
26.9,199,38,53,108,32.7,31.9
27,201,38,53,107,32.9,32
27.2,201,38,53,107,32.7,32.2
27.3,201,38,53,107,32.1,32.3
27.5,201,38,53,107,32.7,32.5
27.5,201,38,53,107,32.1,32.5
27.7,201,38,53,107,31.8,32.7
27.7,204,38,53,107,31.9,32.7
27.8,204,38,53,107,31.8,32.8
27.8,201,38,53,108,31.2,32.8
27.8,204,38,53,107,30.7,32.8
27.9,204,38,53,107,31.3,32.9
27.9,204,38,54,108,30.4,32.9
28,204,38,53,107,30.6,33
28,204,38,53,108,30.8,33
27.9,205,38,53,107,31.6,32.9
27.9,197,38,53,107,30.7,32.9
27.8,204,38,53,107,30.4,32.8
27.7,204,38,53,107,30.6,32.7
27.7,204,38,53,107,31.3,32.7
27.7,204,38,53,107,31.8,32.7
27.7,204,38,53,107,31.6,32.7
27.5,201,38,53,107,31.6,32.5
27.5,205,38,53,107,31.1,32.5
27.3,204,38,53,107,30.9,32.3
27.2,204,38,53,107,31.2,32.2
27.1,205,38,53,107,31.2,32.1
27.1,205,38,54,107,31.6,32.1
27.1,204,38,53,107,32,32.1
27,204,38,53,107,31.7,32
27,203,38,53,107,32.4,32
26.9,204,38,53,107,32.3,31.9
26.9,204,38,53,107,32.3,31.9
26.9,206,38,53,107,32.4,31.9
26.9,201,38,53,107,32.3,31.9
26.8,204,38,53,107,33.2,31.8
26.8,204,38,53,107,32.8,31.8
26.7,204,38,53,107,32.7,31.7
26.7,205,38,53,107,32.9,31.7
26.7,203,38,53,107,33,31.7
26.5,206,38,53,107,33.5,31.5
26.4,204,38,53,107,33.4,31.4
26.3,205,38,53,107,33.7,31.3
26,205,38,53,107,33.5,31
25.9,206,38,53,107,34.1,30.9
26,206,38,53,107,34,31
26,203,38,53,107,34.3,31
26,206,38,53,107,34,31
25.9,206,38,53,107,34.2,30.9
25.9,206,38,53,107,34.4,30.9
25.9,206,38,53,107,34.5,30.9
25.7,207,38,53,107,35.4,30.7
25.5,207,38,53,107,34.7,30.5
25.5,206,38,53,107,34.5,30.5
25.5,206,38,53,107,35.1,30.5
25.6,206,38,53,107,35.8,30.6
25.6,206,38,53,107,35.5,30.6
25.7,207,38,53,107,35.8,30.7
25.8,206,38,53,107,35.2,30.8
25.9,207,38,53,107,35.9,30.9
25.9,207,38,53,107,37.8,30.9
25.9,207,38,53,107,37.4,30.9
26,207,38,53,107,39.6,31
26,207,38,53,107,38.1,31
26,207,38,53,107,37.4,31
26,208,38,53,107,37.3,31
26.1,206,38,53,107,38.5,31.1
26,207,38,53,107,39,31
26,207,38,53,107,39.1,31
25.9,207,38,53,107,39.6,30.9
25.7,207,38,53,107,37.8,30.7
25.6,207,38,53,107,36.4,30.6
25.6,208,38,53,107,37,30.6
25.5,208,38,53,107,38.3,30.5
25.5,207,38,53,107,37.5,30.5
25.4,208,38,53,107,37.3,30.4
25.4,207,38,53,107,36.4,30.4
25.4,208,38,53,107,36.9,30.4
25.5,208,38,53,107,40.5,30.5
25.4,207,38,53,107,39.9,30.4
25.3,207,38,53,107,41.8,30.3
25.2,208,38,53,107,40.6,30.2
25.2,207,38,53,107,40.1,30.2
25.2,207,38,53,107,40.8,30.2
25.2,204,38,53,106,40.5,30.2
25.2,208,38,53,107,39.8,30.2
25.3,207,38,53,107,39.7,30.3
25.4,207,38,53,107,41.5,30.4
25.4,207,38,53,107,40.4,30.4
25.5,207,38,53,107,40.3,30.5
25.5,207,38,53,106,39.9,30.5
25.5,208,38,53,107,40.2,30.5
25.5,207,38,53,107,41.1,30.5
25.5,207,38,53,107,42.9,30.5
25.4,207,38,53,107,43,30.4
25.4,207,38,53,107,43.2,30.4
25.3,207,38,53,107,42.9,30.3
25.2,207,38,53,107,42.9,30.2
25.2,207,38,53,106,42.5,30.2
25.2,208,38,53,106,42.8,30.2
25.2,207,38,53,107,42.3,30.2
25.1,208,38,53,107,42.2,30.1
25.1,208,38,53,106,40.8,30.1
25.1,208,38,53,106,39.7,30.1
25,208,38,53,106,39.5,30
25,207,38,53,106,38.4,30
25,210,38,53,106,38.2,30
25,209,38,53,106,38.3,30
25,210,38,53,106,37.8,30
25,209,38,53,106,38.6,30
25,208,38,53,106,38.6,30
25,210,38,53,106,39.6,30
24.9,208,38,53,106,39.9,29.9
24.9,209,38,53,106,39.6,29.9
24.8,209,38,53,106,38.9,29.8
24.7,209,38,53,106,38.5,29.7
24.6,208,38,53,106,38.2,29.6
24.5,208,38,53,106,38.1,29.5
24.5,207,38,53,106,40.3,29.5
24.4,207,38,53,106,39.2,29.4
24.4,207,38,53,106,39,29.4
24.3,207,38,53,106,39,29.3
24.3,206,38,53,106,39.3,29.3
24.2,207,38,53,106,39.3,29.2
24.2,207,38,53,106,39,29.2
24.1,207,38,53,106,39.1,29.1
24.1,207,38,53,106,39.6,29.1
24,207,38,53,106,39.9,29
24,206,38,53,106,39.3,29
24,207,37,53,106,39.1,29
23.9,206,38,53,106,39.2,28.9
23.9,206,38,53,106,39.5,28.9
23.9,207,38,53,106,40,28.9
23.9,206,38,53,106,40,28.9
23.8,207,38,53,106,40.4,28.8
23.8,206,38,53,106,41.3,28.8
23.7,207,38,53,106,40.8,28.7
23.7,207,38,53,106,41.4,28.7
23.6,206,38,53,106,45.3,28.6
23.5,208,37,53,106,44.6,28.5
23.5,207,38,53,106,45.8,28.5
23.4,207,38,53,106,44.8,28.4
23.3,207,37,53,106,43.7,28.3
23.3,208,38,53,106,43.1,28.3
23.2,208,38,53,106,42.7,28.2
23.2,209,37,53,106,41.9,28.2
23.3,210,37,53,106,42.4,28.3
23.3,208,37,53,106,43,28.3
23.2,209,38,53,106,44.4,28.2
23.1,209,38,53,106,45.3,28.1
23.1,210,38,53,106,46,28.1
23,207,37,53,106,45.4,28
22.9,210,37,53,106,44.7,27.9
22.9,210,38,53,106,44.4,27.9
22.9,211,37,53,106,44.3,27.9
22.9,211,37,53,106,45,27.9
22.9,211,37,53,106,44.4,27.9
22.9,211,37,53,106,44.5,27.9
22.9,214,37,53,106,43.9,27.9
22.9,215,37,53,106,44.9,27.9
22.9,214,37,53,105,44.3,27.9
22.9,214,37,53,106,44,27.9
22.9,215,37,53,106,43.4,27.9
23,215,37,53,106,42.9,28
23,215,37,52,106,43.3,28
23,215,37,53,105,43.5,28
23,216,37,53,106,43.4,28
23,215,37,52,105,43.1,28
23.1,215,37,53,106,44.8,28.1
23,215,37,52,105,44.2,28
22.9,215,37,53,106,44.9,27.9
22.8,215,37,53,106,44.1,27.8
22.8,215,37,53,106,44.1,27.8
22.7,216,37,52,105,45.4,27.7
22.6,215,37,52,106,45.7,27.6
22.6,216,37,52,106,45.3,27.6
22.5,215,37,53,106,45.5,27.5
22.4,215,37,52,105,45.5,27.4
22.4,216,37,52,105,46,27.4
22.3,216,37,52,105,46.8,27.3
22.3,216,37,52,105,46.9,27.3
22.3,216,37,52,105,45.9,27.3
22.3,216,37,52,105,45.4,27.3
22.4,215,37,52,105,45,27.4
22.4,215,37,52,105,44.9,27.4
22.5,216,37,52,106,44.9,27.5
22.5,216,37,52,105,44.9,27.5
22.5,216,37,52,105,44.9,27.5
22.5,215,37,52,105,44.3,27.5
22.5,216,37,52,105,44.3,27.5
22.6,215,37,52,106,44.4,27.6
22.6,216,37,52,105,44.3,27.6
22.6,216,37,52,105,44.6,27.6
22.5,215,37,52,105,44.5,27.5
22.5,215,37,52,105,44.6,27.5
22.5,214,37,52,105,45,27.5
22.5,213,37,52,105,44.6,27.5
22.5,214,37,52,105,44.8,27.5
22.4,213,37,52,105,44.7,27.4
22.4,213,37,52,105,45.1,27.4
22.3,214,37,52,105,45,27.3
22.3,214,37,52,105,45.6,27.3
22.3,213,37,52,105,45.4,27.3
22.3,212,37,52,105,46.1,27.3
22.2,213,37,53,105,46.1,27.2
22.2,213,37,52,105,46.2,27.2
22.2,213,37,52,105,45.9,27.2
22.1,213,37,52,105,46.1,27.1
22.2,212,37,52,105,46.6,27.2
22.1,212,37,52,105,47.2,27.1
22.1,213,37,52,105,47.1,27.1
22,212,37,52,105,48,27
22,210,37,52,105,47.6,27
21.9,211,37,52,105,47.5,26.9
21.9,210,37,52,105,47,26.9
21.9,211,37,52,105,47.9,26.9
21.9,210,37,52,105,47.7,26.9
21.9,210,37,52,105,47,26.9
21.9,204,37,52,105,47.3,26.9
21.9,206,37,52,105,47.2,26.9
21.9,203,37,52,105,46.9,26.9
22,206,37,52,105,47,27
22,203,37,52,105,46.7,27
22,202,37,52,105,47.3,27
21.9,206,37,52,105,46.5,26.9
21.9,206,37,52,105,47.8,26.9
21.9,206,37,52,105,47.3,26.9
21.9,205,37,52,105,47.5,26.9
21.8,205,37,52,105,47.7,26.8
21.8,206,37,52,105,47.8,26.8
21.8,206,37,52,105,48.3,26.8
21.7,205,37,52,105,48.8,26.7
21.7,205,37,52,105,47.9,26.7
21.7,206,37,52,105,48,26.7
21.7,206,37,52,105,47.7,26.7
21.7,206,37,52,105,48.7,26.7
21.7,206,37,52,105,48.7,26.7
21.7,206,37,52,105,48.8,26.7
21.6,204,37,52,105,49,26.6
21.6,207,37,52,105,49.1,26.6
21.6,204,37,52,105,48.9,26.6
21.6,207,37,52,105,48.9,26.6
21.5,208,37,52,105,49.6,26.5
21.4,208,37,52,105,50.1,26.4
21.4,207,37,52,104,49.8,26.4
21.3,208,37,52,105,50.5,26.3
21.3,208,37,52,105,50.7,26.3
21.2,207,37,52,105,51.5,26.2
21.2,207,37,52,105,51,26.2
21.1,207,37,52,105,50.8,26.1
21.1,206,37,52,105,51,26.1
21.1,206,37,52,104,50.8,26.1
21,208,37,52,105,50.3,26
21.1,206,37,52,105,51.7,26.1
21,206,37,52,105,50.6,26
21,206,37,52,104,51.8,26
21,206,37,52,105,51.4,26
20.9,207,37,52,105,51.9,25.9
20.9,206,37,52,105,52.6,25.9
20.8,207,37,52,104,52.4,25.8
20.8,207,37,52,105,53,25.8
20.8,206,37,52,105,51.5,25.8
20.8,207,37,52,105,50.9,25.8
20.8,206,37,52,105,50.3,25.8
20.8,207,37,52,105,49.8,25.8
21,203,37,52,105,49.4,26
21,207,37,52,104,49.3,26
21.1,205,37,52,104,49.1,26.1
21.2,206,37,52,104,49,26.2
21.2,206,37,52,104,49.3,26.2
21.2,206,37,52,104,49.5,26.2
21.2,206,37,52,104,49.5,26.2
21.1,206,37,52,104,49.1,26.1
21.1,206,37,52,104,49.4,26.1
21.1,206,37,52,104,49.5,26.1
21.1,206,37,52,104,49.2,26.1
21,200,37,52,104,49.9,26
21,205,37,52,104,49.9,26
20.9,206,37,52,104,50.5,25.9
20.9,205,37,52,104,50.8,25.9
20.8,206,37,52,104,50.9,25.8
20.8,206,37,52,104,52.5,25.8
20.6,206,37,52,104,53.2,25.6
20.5,206,37,52,104,54.8,25.5
20.4,206,37,52,104,55.1,25.4
20.3,206,37,52,104,53.8,25.3
20.3,206,37,52,104,53.3,25.3
20.3,207,37,52,104,53.9,25.3
20.2,206,37,52,104,54.4,25.2
20.2,206,37,52,104,55.1,25.2
20.1,206,37,52,104,55.9,25.1
20.1,206,37,52,104,56.2,25.1
20,205,37,52,104,55.3,25
20,207,37,52,104,53.5,25
20.1,206,37,52,104,52.9,25.1
20.2,206,37,52,104,52.3,25.2
20.3,206,37,52,104,51.7,25.3
20.4,206,37,52,104,51.4,25.4
20.5,206,37,52,104,50.5,25.5
20.7,207,37,52,104,50.1,25.7
20.8,205,37,52,104,49.9,25.8
20.9,206,37,52,104,49.8,25.9
21,206,37,52,104,49.3,26
21,206,37,52,104,49.7,26
20.9,206,37,52,104,49.9,25.9
20.9,206,37,52,104,49.6,25.9
20.9,207,37,52,104,49.8,25.9
20.8,206,37,52,104,50,25.8
20.8,206,37,52,104,51,25.8
20.6,207,37,52,104,51,25.6
20.5,206,37,52,104,50.3,25.5
20.5,206,37,52,104,50.1,25.5
20.5,206,37,52,104,50.6,25.5
20.5,207,37,52,104,50.4,25.5
20.5,206,37,52,104,51,25.5
20.5,206,37,52,104,50.9,25.5
20.5,206,37,52,104,50.8,25.5
20.5,206,37,52,104,50.7,25.5
20.5,208,37,52,104,50.5,25.5
20.5,206,37,52,104,50.6,25.5
20.5,207,37,52,104,50.2,25.5
20.5,208,37,52,104,50.1,25.5
20.6,208,37,52,104,50.1,25.6
20.6,211,37,52,104,50.4,25.6
20.6,211,37,52,103,50.2,25.6
20.6,211,37,52,104,50.3,25.6
20.6,211,37,52,104,50.1,25.6
20.6,212,37,52,104,50.3,25.6
20.5,212,37,52,103,50.2,25.5
20.6,212,37,52,104,50.5,25.6
20.5,212,37,51,104,51,25.5
20.5,212,37,52,104,51.1,25.5
20.4,212,37,52,104,50.8,25.4
20.3,212,37,52,104,50.9,25.3
20.3,212,37,52,104,50.9,25.3
20.3,210,37,52,104,50.8,25.3
20.3,212,37,52,104,50.3,25.3
20.4,212,37,52,104,50.2,25.4
20.5,213,37,52,103,50.2,25.5
20.5,212,37,51,103,50.5,25.5
20.5,212,37,52,104,50.5,25.5
20.5,214,37,51,103,50.4,25.5
20.5,214,37,52,103,50.1,25.5
20.5,213,37,51,103,50.5,25.5
20.5,210,37,51,103,50.8,25.5
20.5,213,37,52,104,51.1,25.5
20.4,213,37,51,103,50.7,25.4
20.3,212,37,52,103,50.6,25.3
20.3,212,37,51,103,50.5,25.3
20.3,213,37,52,104,50.4,25.3
20.3,212,37,51,104,50.2,25.3
20.3,213,37,52,104,50,25.3
20.4,213,37,51,103,50.2,25.4
20.4,214,37,52,103,50.5,25.4
20.4,215,37,52,104,50.8,25.4
20.4,214,37,51,103,50.8,25.4
20.3,214,37,51,103,50.9,25.3
20.3,215,37,51,103,50.7,25.3
20.3,215,37,52,104,50.9,25.3
20.3,215,37,51,103,51.1,25.3
20.3,214,37,51,104,50.8,25.3
20.3,215,36,51,103,50.9,25.3
20.3,215,37,51,103,50.9,25.3
20.3,215,37,51,103,51.1,25.3
20.3,215,37,51,103,51.5,25.3
20.3,215,37,52,103,52.1,25.3
20.2,216,37,51,103,52.1,25.2
20.2,215,37,51,103,52.1,25.2
20.1,215,37,51,104,51.9,25.1
20.1,215,37,51,104,51.3,25.1
20.1,215,37,51,103,51.3,25.1
20.1,212,37,51,103,51,25.1
20.2,215,37,51,103,51,25.2
20.1,216,37,51,103,51.5,25.1
20.1,215,37,51,103,50.9,25.1
20.1,215,37,51,103,51.2,25.1
20.1,215,37,51,103,51.3,25.1
20.1,215,37,51,103,51.4,25.1
20.1,215,37,51,103,51,25.1
20.1,215,37,51,104,51.3,25.1
20.1,212,37,51,104,51.4,25.1
20,216,37,51,103,51,25
20,216,37,51,103,51.4,25
20,216,37,51,103,52.3,25
19.9,216,37,51,103,53.1,24.9
19.8,215,37,51,103,52.9,24.8
19.7,216,37,51,103,52.4,24.7
19.7,215,37,51,103,52.2,24.7
19.7,216,37,51,103,51.5,24.7
19.8,216,37,51,103,51.6,24.8
19.9,217,37,51,103,52,24.9
19.9,216,37,51,103,51.7,24.9
19.9,217,37,51,103,51.7,24.9
19.9,217,37,51,103,51.8,24.9
19.8,217,36,51,103,51.6,24.8
19.9,216,37,51,103,51.5,24.9
19.9,217,37,51,103,51.6,24.9
19.9,218,37,51,103,51.2,24.9
19.9,217,37,51,103,51.6,24.9
19.8,218,37,51,103,51.3,24.8
19.9,217,37,51,103,51.2,24.9
19.9,216,37,51,103,51.2,24.9
19.9,218,37,51,103,51.5,24.9
19.9,218,37,51,103,51.3,24.9
19.8,217,37,51,103,51.2,24.8
19.8,218,37,51,103,51.4,24.8
19.8,217,36,51,103,51.2,24.8
19.8,218,37,51,103,51.2,24.8
19.8,216,37,51,103,51.3,24.8
19.8,216,36,51,103,51.6,24.8
19.8,218,37,51,103,51.6,24.8
19.8,218,36,51,103,51.7,24.8
19.8,217,36,51,103,51.7,24.8
19.8,218,36,51,103,51.4,24.8
19.8,218,36,51,103,51.5,24.8
19.8,218,36,51,103,51.6,24.8
19.7,218,36,51,103,51.8,24.7
19.7,218,36,51,103,51.3,24.7
19.7,219,37,51,103,51.7,24.7
19.7,218,36,51,103,51.8,24.7
19.6,218,36,51,103,51.6,24.6
19.6,219,36,51,103,51.4,24.6
19.6,219,36,51,103,51.7,24.6
19.7,219,36,51,103,51.8,24.7
19.6,218,36,51,103,51.9,24.6
19.6,218,36,51,103,51.9,24.6
19.6,220,36,51,103,52,24.6
19.6,222,37,51,103,51.9,24.6
19.6,223,36,51,103,51.7,24.6
19.5,218,37,51,103,52.1,24.5
19.5,222,36,51,103,51.7,24.5
19.6,220,36,51,103,51.7,24.6
19.6,223,36,51,103,52,24.6
19.6,223,36,51,103,52.1,24.6
19.6,223,36,51,103,51.9,24.6
19.6,221,36,51,103,52.2,24.6
19.6,223,36,51,103,52.5,24.6
19.6,223,36,51,103,52.3,24.6
19.6,223,36,51,103,52,24.6
19.6,224,36,51,103,52,24.6
19.6,221,36,51,103,51.9,24.6
19.6,224,36,51,103,51.9,24.6
19.6,222,36,51,103,51.7,24.6
19.7,224,36,51,103,52,24.7
19.6,224,36,51,103,52,24.6
19.6,224,36,51,103,52.1,24.6
19.6,223,36,51,103,52.1,24.6
19.6,224,36,51,103,51.9,24.6
19.6,224,36,51,103,52.1,24.6
19.6,224,36,51,103,52.2,24.6
19.6,226,36,51,103,52.3,24.6
19.6,224,36,51,103,52.1,24.6
19.6,225,36,51,103,52.1,24.6
19.6,225,36,51,103,52.5,24.6
19.7,225,36,51,103,52.6,24.7
19.7,226,36,51,103,53,24.7
19.7,225,36,51,103,53.3,24.7
19.7,226,36,51,103,52.8,24.7
19.7,227,36,51,103,52.9,24.7
19.7,226,36,51,103,52.8,24.7
19.7,226,36,51,103,53.2,24.7
19.7,226,36,51,102,52.7,24.7
19.7,225,36,51,103,52.7,24.7
19.7,226,36,51,103,52.7,24.7
19.8,224,36,51,103,52.6,24.8
19.8,226,36,51,103,52.4,24.8
19.8,226,36,51,103,52.5,24.8
19.8,224,36,51,103,52.6,24.8
19.9,227,36,51,103,52.7,24.9
19.9,227,36,51,103,53.2,24.9
19.8,227,36,51,103,53.3,24.8
19.8,227,36,51,103,53.4,24.8
19.8,227,36,51,103,53.5,24.8
19.8,227,36,51,103,54.3,24.8
19.8,222,36,51,103,54.3,24.8
19.8,227,36,51,103,54.6,24.8
19.8,227,36,51,102,54.1,24.8
19.8,228,36,51,103,53.8,24.8
19.9,227,36,51,103,53.9,24.9
19.9,227,36,51,102,54.3,24.9
19.9,227,36,51,103,53.6,24.9
20,228,36,51,103,53.5,25
20,224,36,51,103,53.3,25
20.1,228,36,51,103,53.1,25.1
20.1,221,36,51,103,53.1,25.1
20.2,227,36,51,103,53.1,25.2
20.3,228,36,51,103,53.1,25.3
20.3,228,36,51,103,52.6,25.3
20.3,228,36,51,103,52.8,25.3
20.3,227,36,51,103,52.5,25.3
20.4,227,36,51,103,52.3,25.4
20.4,228,36,51,103,52.5,25.4
20.4,228,36,51,103,51.7,25.4
20.4,228,36,51,103,51.6,25.4
20.4,227,36,51,103,51.5,25.4
20.4,227,36,51,103,51.3,25.4
20.5,227,36,51,103,51,25.5
20.5,227,36,51,103,51,25.5
20.6,227,36,51,103,51.1,25.6
20.6,227,36,51,103,50.8,25.6
20.6,227,36,51,103,51.2,25.6
20.6,227,36,51,103,51.1,25.6
20.6,227,36,51,102,51.1,25.6
20.6,226,36,51,103,51,25.6
20.6,226,36,51,103,50.8,25.6
20.6,227,36,51,103,50.8,25.6
20.7,226,36,51,103,51.2,25.7
20.7,226,36,51,102,51,25.7
20.7,227,36,51,103,51.5,25.7
20.6,226,36,51,103,51,25.6
20.6,226,36,51,103,51.4,25.6
20.6,226,36,51,103,51.4,25.6
20.6,226,36,51,103,51,25.6
20.6,226,36,51,103,51.3,25.6
20.7,226,36,51,103,51.2,25.7
20.7,224,36,51,103,51.5,25.7
20.7,225,36,51,103,51.5,25.7
20.7,225,36,51,103,51.5,25.7
20.7,225,36,51,103,51.2,25.7
20.7,224,36,51,103,51.4,25.7
20.7,221,36,51,103,51.2,25.7
20.7,225,36,51,103,50.8,25.7
20.8,224,36,51,103,51.1,25.8
20.8,224,36,51,103,50.8,25.8
20.8,225,36,51,103,51,25.8
20.8,224,36,51,103,50.5,25.8
20.8,226,36,51,103,50.9,25.8
20.8,224,36,51,103,50.7,25.8
20.8,224,36,51,103,50.7,25.8
20.8,224,36,51,103,50.5,25.8
20.8,224,36,51,103,50.5,25.8
20.8,224,36,51,103,50.5,25.8
20.9,224,36,51,103,50.3,25.9
20.9,224,36,51,102,50.7,25.9
20.9,224,36,51,103,50.7,25.9
20.8,224,36,51,103,50.4,25.8
20.8,224,36,51,103,50.7,25.8
20.8,224,36,51,103,50.9,25.8
20.9,224,37,51,103,50.2,25.9
20.9,224,36,51,103,50.6,25.9
20.9,224,36,51,103,50.4,25.9
20.9,224,36,51,103,50.3,25.9
20.9,224,36,51,103,50.3,25.9
20.9,224,36,51,103,50.4,25.9
20.9,224,36,51,103,50.4,25.9
20.9,224,36,51,103,49.7,25.9
21,224,36,51,103,49.4,26
21,224,36,51,103,49.7,26
21,224,36,51,103,50,26
21,219,36,51,103,49.6,26
21,224,36,51,103,49.7,26
21,223,36,51,103,50.2,26
21,224,36,51,103,50.3,26
21,223,36,51,103,49.9,26
21,224,36,51,103,49.8,26
20.9,224,36,51,103,50.7,25.9
20.9,222,36,51,103,50.4,25.9
20.9,224,36,51,103,50.5,25.9
20.8,223,36,51,103,50,25.8
20.8,223,36,51,102,50.3,25.8
20.8,224,36,51,103,50.5,25.8
20.8,223,36,51,103,50,25.8
20.8,223,36,51,103,50.7,25.8
20.8,224,36,51,103,50.9,25.8
20.8,224,36,51,103,50,25.8
20.8,224,36,51,103,50.3,25.8
20.8,223,36,51,103,50.8,25.8
20.8,224,36,51,103,51,25.8
20.7,224,36,51,103,51.2,25.7
20.7,223,36,51,103,51.5,25.7
20.5,224,36,51,103,51.4,25.5
20.5,224,36,51,103,50.8,25.5
20.5,224,37,51,103,50.3,25.5
20.5,223,36,51,103,51.2,25.5
20.5,223,36,51,103,51.4,25.5
20.5,223,36,51,103,50.7,25.5
20.5,223,36,51,103,50.8,25.5
20.5,224,36,51,103,51.1,25.5
20.5,224,36,51,103,51.2,25.5
20.5,224,36,51,103,51.4,25.5
20.4,224,36,51,103,52.1,25.4
20.4,224,36,51,103,51.8,25.4
20.3,223,36,51,103,51.8,25.3
20.3,220,36,51,103,52.1,25.3
20.2,224,36,51,103,51.7,25.2
20.2,223,36,51,103,51.8,25.2
20.1,223,36,51,103,51.3,25.1
20.2,223,36,51,103,51,25.2
20.3,223,36,51,103,51.2,25.3
20.3,223,36,51,103,51.4,25.3
20.2,224,36,51,103,52.6,25.2
20.1,224,36,51,103,51.9,25.1
20,224,36,51,103,50.8,25
20,224,36,51,103,51.9,25
20,224,36,51,103,51.6,25
19.9,224,36,51,103,51.3,24.9
19.8,224,36,51,103,51,24.8
19.8,224,36,51,103,50.5,24.8
19.8,224,36,51,103,51.6,24.8
19.8,225,36,51,103,50.6,24.8
19.8,224,37,51,103,51.9,24.8
19.8,225,36,51,103,54.4,24.8
19.7,225,36,51,103,52.6,24.7
19.7,226,36,51,103,51.6,24.7
19.7,226,36,51,103,51.2,24.7
19.7,225,36,51,103,51.3,24.7
19.7,225,36,51,103,53,24.7
19.7,226,36,51,103,55.1,24.7
19.6,225,36,51,103,56,24.6
19.6,224,36,51,103,55.2,24.6
19.5,226,36,51,103,54.7,24.5
19.5,226,36,51,103,53.8,24.5
19.5,227,36,51,103,53,24.5
19.5,227,36,51,102,52.8,24.5
19.6,225,36,51,103,52.7,24.6
19.6,226,36,51,103,52.4,24.6
19.6,226,36,51,103,51.8,24.6
19.6,227,36,51,103,51.1,24.6
19.7,227,36,51,103,51.3,24.7
19.8,226,36,51,103,51.4,24.8
19.8,226,36,51,103,50.8,24.8
19.9,226,36,51,103,50.4,24.9
19.9,227,36,51,103,51.1,24.9
20,226,36,51,103,51.4,25
20,227,36,51,102,51.6,25
19.9,225,36,51,103,51,24.9
20,225,36,51,103,51.6,25
20.1,224,36,51,103,51.5,25.1
20.3,227,36,51,103,50.5,25.3
20.5,227,36,51,103,50.6,25.5
20.6,225,36,51,103,49.7,25.6
20.8,226,36,51,102,49.8,25.8
20.8,226,36,51,102,49.8,25.8
20.9,226,36,51,103,49.5,25.9
21,220,36,51,102,49.3,26
21,226,36,51,103,49.1,26
21.1,226,36,51,103,48.8,26.1
21.2,226,36,51,102,49.3,26.2
21.1,227,36,51,103,48.7,26.1
21.2,224,36,51,103,49.1,26.2
21.2,227,36,51,103,49.1,26.2
21.2,224,36,51,103,48.6,26.2
21.2,227,36,51,102,48.5,26.2
21.3,226,36,51,103,48.3,26.3
21.2,225,36,51,102,48.7,26.2
21.2,227,36,51,103,48.8,26.2
21.2,225,36,51,102,49.1,26.2
21.2,224,36,51,102,48.9,26.2
21.2,226,36,51,102,48.7,26.2
21.2,221,36,51,102,48.6,26.2
21.3,226,36,51,102,48.2,26.3
21.3,225,36,51,102,48.2,26.3
21.4,225,36,51,102,48.3,26.4
21.5,225,36,51,103,48.4,26.5
21.7,225,36,51,102,48.5,26.7
21.8,224,36,51,102,48.6,26.8
21.8,224,36,51,102,48.5,26.8
21.8,224,36,51,102,48.5,26.8
21.9,224,36,51,103,48.4,26.9
21.8,223,36,51,102,48.5,26.8
21.8,223,36,51,103,48.8,26.8
21.8,221,36,51,102,48.9,26.8
21.8,221,36,51,102,48.8,26.8
21.7,222,36,51,102,49,26.7
21.7,221,36,51,102,49,26.7
21.7,221,36,51,103,49.3,26.7
21.6,221,36,51,103,49.5,26.6
21.6,220,36,51,102,49.7,26.6
21.6,220,36,51,102,50,26.6
21.7,219,36,51,102,50.1,26.7
21.6,221,36,51,103,50.4,26.6
21.7,221,36,51,102,50.3,26.7
21.7,221,36,51,102,50.2,26.7
21.7,220,36,51,102,50.2,26.7
21.7,220,36,51,102,50.1,26.7
21.7,219,36,51,103,50.4,26.7
21.6,220,36,51,102,50.6,26.6
21.6,220,36,51,102,50.8,26.6
21.6,219,36,51,102,50.8,26.6
21.5,220,36,51,102,50.9,26.5
21.5,219,36,51,102,51.2,26.5
21.5,221,36,51,102,51.3,26.5
21.4,219,36,51,102,51.2,26.4
21.5,219,36,51,102,50.9,26.5
21.6,219,36,51,102,51.3,26.6
21.5,215,36,51,102,51.4,26.5
21.5,215,36,51,103,51.5,26.5
21.5,215,36,51,102,51.7,26.5
21.6,214,36,51,103,51.7,26.6
21.6,215,36,51,103,52,26.6
21.5,215,36,51,102,52,26.5
21.4,214,36,51,102,52.1,26.4
21.4,215,36,51,102,52,26.4
21.5,214,36,51,102,52.1,26.5
21.5,215,36,51,102,52.2,26.5
21.4,215,36,51,102,52.4,26.4
21.4,214,36,51,103,52.4,26.4
21.4,215,36,51,102,52.6,26.4
21.4,214,36,51,102,52.6,26.4
21.4,215,36,51,103,52.8,26.4
21.3,211,36,51,102,53,26.3
21.4,214,36,51,103,52.8,26.4
21.4,214,36,51,102,52.7,26.4
21.4,209,36,51,102,53,26.4
21.4,215,36,51,103,52.9,26.4
21.5,215,36,51,102,52.9,26.5
21.4,216,36,51,102,53.3,26.4
21.4,214,36,51,102,53,26.4
21.4,214,36,51,102,53.1,26.4
21.4,214,36,51,102,53.3,26.4
21.4,214,36,51,102,53.6,26.4
21.4,214,36,51,102,53.1,26.4
21.4,212,36,51,102,53.3,26.4
21.4,214,36,51,102,53.6,26.4
21.4,214,36,51,102,53.5,26.4
21.3,214,36,51,103,53.8,26.3
21.3,214,36,51,102,53.7,26.3
21.3,215,36,51,102,54,26.3
21.4,214,36,51,102,54,26.4
21.4,214,36,51,102,53.9,26.4
21.5,213,36,51,102,53.7,26.5
21.6,214,36,51,103,53.7,26.6
21.5,211,36,51,102,53.7,26.5
21.4,214,36,51,103,53.7,26.4
21.4,214,36,51,102,53.9,26.4
21.3,211,36,51,102,54.2,26.3
21.3,215,36,51,103,54.3,26.3
21.2,214,36,51,102,54.7,26.2
21.2,214,36,51,103,55,26.2
21.1,215,36,51,102,54.5,26.1
21.1,214,36,51,103,55,26.1
21,215,36,51,103,55.1,26
21,216,36,51,103,55.2,26
21,214,36,51,103,55.2,26
21.1,215,36,51,103,55.1,26.1
21.1,215,36,51,102,55.2,26.1
21.1,216,36,51,102,55,26.1
21.1,216,36,51,103,55.2,26.1
21.2,215,36,51,103,55,26.2
21.3,217,36,51,102,54.8,26.3
21.3,216,36,51,103,54.6,26.3
21.3,215,36,51,103,54.5,26.3
21.3,217,36,51,103,54.6,26.3
21.2,217,36,51,103,54.9,26.2
21.2,216,36,51,103,54.7,26.2
21.2,216,36,51,103,54.9,26.2
21.2,216,36,51,103,54.8,26.2
21.2,216,36,51,103,54.8,26.2
21.2,216,36,51,102,54.7,26.2
21.2,216,36,51,103,54.7,26.2
21.1,215,36,51,103,54.9,26.1
21.1,219,36,51,102,54.8,26.1
21.1,214,36,51,103,55.2,26.1
21.1,216,36,51,102,55.2,26.1
21,219,36,51,103,55.2,26
21,219,36,51,103,55.4,26
21,218,36,51,103,55.2,26
21,218,36,51,102,55.2,26
21,211,36,51,103,54.8,26
21,218,36,51,103,55,26
21.1,219,36,51,102,54.5,26.1
21.2,218,36,51,103,54.7,26.2
21.2,218,36,51,103,54.2,26.2
21.2,219,36,51,103,54.4,26.2
21.2,218,36,51,103,54.1,26.2
21.2,218,36,51,103,54.5,26.2
21.1,219,36,51,103,54.3,26.1
21.1,218,36,51,103,54.5,26.1
21.1,218,36,51,102,54.3,26.1
21.1,219,36,51,102,54.5,26.1
21,220,36,51,103,55,26
21.1,219,36,51,102,53.4,26.1
21.3,218,36,51,102,53.5,26.3
21.3,218,36,51,102,53.6,26.3
21.3,220,36,51,102,53.5,26.3
21.1,219,36,51,102,53.7,26.1
21.1,220,36,51,102,54.2,26.1
21,218,36,51,102,54.2,26
21,219,36,51,102,52.9,26
21,220,36,51,103,53.4,26
21,219,36,51,103,52.9,26
21,219,36,51,102,52.9,26
20.9,219,36,51,103,53,25.9
20.9,219,36,51,102,53.4,25.9
20.9,219,36,51,103,52.4,25.9
20.9,218,36,51,102,52.4,25.9
20.9,219,36,51,102,52.8,25.9
20.8,219,36,51,103,52.6,25.8
20.8,219,36,51,102,52.4,25.8
20.8,218,36,51,102,52.4,25.8
20.8,220,36,51,102,52.1,25.8
21,219,36,51,102,51.7,26
21,219,36,51,102,51.4,26
21,218,36,51,103,51.1,26
21,218,36,51,102,51.3,26
21,220,36,51,102,51.1,26
21,220,36,51,102,51.1,26
21,220,36,51,102,51,26
21,218,36,51,102,50.9,26
21,218,36,51,102,50.8,26
21,218,36,51,102,51,26
21,219,36,51,102,50.6,26
21,219,36,51,102,50.5,26
21.1,216,36,51,102,50.6,26.1
21.1,219,36,51,102,50.8,26.1
21,219,36,51,102,51,26
20.9,219,36,51,102,50.7,25.9
20.9,220,36,51,102,50.7,25.9
20.9,219,36,51,102,50.4,25.9
21,220,36,51,102,50.1,26
21,218,36,51,102,50.2,26
21,220,36,51,103,50.6,26
20.9,219,36,51,102,50.5,25.9
20.8,219,36,51,102,50.7,25.8
20.8,219,36,51,102,50.7,25.8
20.9,219,36,51,102,50.9,25.9
20.8,219,36,51,102,50.9,25.8
20.8,220,36,51,102,50.7,25.8
20.8,219,36,51,102,50.8,25.8
20.7,219,36,51,102,50.6,25.7
20.8,218,36,51,102,50.5,25.8
20.8,220,36,51,102,50.5,25.8
20.8,219,36,51,102,50.6,25.8
20.7,220,36,51,102,50.7,25.7
20.5,218,36,51,103,50.8,25.5
20.5,218,36,51,102,50.8,25.5
20.5,219,36,51,102,50.6,25.5
20.5,220,36,51,102,51,25.5
20.5,220,36,51,102,51.1,25.5
20.4,220,36,51,102,51.4,25.4
20.4,219,36,51,102,51.2,25.4
20.4,214,36,51,102,51,25.4
20.5,220,36,51,102,51.1,25.5
20.5,220,36,51,102,50.8,25.5
20.5,220,36,51,102,51.2,25.5
20.4,220,36,51,102,51.2,25.4
20.3,218,36,51,102,51.6,25.3
20.3,219,36,51,102,51.5,25.3
20.3,220,36,51,102,51.3,25.3
20.3,220,36,51,102,50.8,25.3
20.4,220,36,51,102,51.1,25.4
20.3,220,36,51,102,51.1,25.3
20.4,220,36,51,102,50.8,25.4
20.4,217,36,51,102,50.9,25.4
20.3,220,36,51,102,51.3,25.3
20.3,219,36,51,102,50.5,25.3
20.5,220,36,51,102,49.9,25.5
20.5,220,36,51,102,50.1,25.5
20.5,219,36,51,102,50.3,25.5
20.5,220,36,51,102,50.5,25.5
20.4,220,36,51,102,50.3,25.4
20.4,219,36,51,102,50,25.4
20.5,220,36,51,102,49.6,25.5
20.6,220,36,51,102,49.3,25.6
20.6,220,36,51,102,49.3,25.6
20.7,218,36,51,102,49.4,25.7
20.6,220,36,51,102,49.4,25.6
20.6,220,36,51,102,49.5,25.6
20.6,220,36,51,102,49.3,25.6
20.6,219,36,51,102,49.3,25.6
20.5,220,36,51,102,49.3,25.5
20.5,220,36,51,102,49.2,25.5
20.4,220,36,51,102,49.6,25.4
20.4,220,36,51,102,49.4,25.4
20.4,220,36,51,102,49,25.4
20.5,219,36,51,102,48.6,25.5
20.5,219,36,51,102,48.7,25.5
20.6,219,36,51,102,48.3,25.6
20.5,218,36,51,102,48.5,25.5
20.5,216,36,51,102,48.3,25.5
20.5,218,36,51,102,48.1,25.5
20.5,217,36,51,102,48.2,25.5
20.5,217,36,51,102,48.5,25.5
20.4,217,36,51,102,48.9,25.4
20.3,218,36,51,101,49.2,25.3
20.2,217,36,51,102,49,25.2
20.1,218,36,51,102,49.1,25.1
20.1,217,36,51,102,49.2,25.1
20,217,36,51,102,48.7,25
20.1,218,36,51,101,48.9,25.1
20.1,218,36,51,102,49.5,25.1
20,217,36,51,102,48.9,25
20,217,36,51,102,49.3,25
20,217,36,51,102,49.3,25
19.9,217,36,51,102,49.3,24.9
19.9,218,36,51,102,49.1,24.9
20,218,36,51,102,49,25
20,218,36,51,102,49.2,25
20,218,36,51,102,49,25
20,218,36,51,102,49.4,25
19.9,218,36,51,102,48.8,24.9
20,218,36,51,102,48.8,25
20,217,36,51,102,48.6,25
20,218,36,51,102,48.8,25
20,218,36,51,102,48.8,25
20,218,36,51,102,48.6,25
20.1,216,36,51,102,48.7,25.1
20.1,215,36,50,102,48.1,25.1
20.2,218,36,51,102,47.9,25.2
20.2,218,36,51,102,48.3,25.2
20.2,219,36,51,102,48.8,25.2
20.1,218,36,51,102,48.2,25.1
20.1,216,36,51,102,48.6,25.1
20.1,218,36,51,102,48.1,25.1
20.1,218,36,51,102,48.3,25.1
20,218,36,51,102,48.3,25
20,219,36,51,101,48.3,25
20.1,219,36,50,101,48,25.1
20.2,219,36,50,101,47.4,25.2
20.3,219,36,50,101,47.3,25.3
20.3,219,36,50,102,47.4,25.3
20.3,218,36,51,102,47.4,25.3
20.3,218,36,51,101,47.5,25.3
20.2,217,36,50,102,47.6,25.2
20.2,218,36,51,102,47.7,25.2
20.1,216,36,50,101,48,25.1
20,219,36,51,102,47.9,25
20,219,36,51,102,48,25
19.9,219,36,51,102,47.9,24.9
19.9,218,36,50,102,48.1,24.9
19.6,221,36,51,102,48.8,24.6
19.6,213,36,51,102,48.6,24.6
19.6,219,36,51,102,48.7,24.6
19.8,219,36,50,102,47.8,24.8
19.8,219,36,50,101,47.8,24.8
20,220,36,51,102,47.6,25
20,219,36,50,102,47.5,25
20,219,36,51,102,47.2,25
20.1,220,36,50,102,47.1,25.1
20,219,36,51,101,47.6,25
20,219,36,51,101,47.5,25
19.9,219,36,51,102,47.4,24.9
19.9,219,36,51,102,47.9,24.9
19.8,219,36,51,102,48,24.8
19.8,219,36,50,102,47.6,24.8
19.9,214,36,51,101,47.5,24.9
20,220,36,51,102,47.4,25
20.1,220,36,51,102,46.8,25.1
20.1,219,36,50,101,47.2,25.1
20,219,36,51,102,47.1,25
20,220,36,51,102,46.7,25
20,219,36,51,102,46.7,25
20,219,36,51,102,47.1,25
20,219,36,51,102,47.2,25
20,220,36,51,102,47.1,25
20,219,36,51,102,47.2,25
20,216,36,50,101,47.1,25
20,220,36,50,102,47.1,25
20,220,36,51,101,46.9,25
20,220,36,51,102,47.1,25
20,216,36,51,102,47.4,25
19.9,220,36,50,101,47.2,24.9
19.8,219,36,50,101,47,24.8
19.9,220,36,51,102,47.6,24.9
19.8,219,36,50,101,47.2,24.8
19.8,221,36,50,101,47.5,24.8
19.7,220,36,50,102,47.6,24.7
19.7,220,36,51,102,47.5,24.7
19.6,220,36,50,101,47.7,24.6
19.6,220,36,51,101,47.7,24.6
19.7,220,36,50,101,47.3,24.7
19.7,220,36,50,101,47.3,24.7
19.5,220,36,50,102,47.9,24.5
19.4,222,36,50,101,48.1,24.4
19.4,221,36,50,102,48.6,24.4
19.4,221,36,50,101,47.9,24.4
19.4,221,36,50,101,48,24.4
19.4,220,36,50,101,47.6,24.4
19.6,220,36,51,102,47.3,24.6
19.5,221,36,50,101,47.3,24.5
19.6,220,36,51,102,47.2,24.6
19.5,220,36,50,102,48,24.5
19.4,219,36,51,102,47.6,24.4
19.4,220,36,51,102,47.8,24.4
19.4,221,36,51,102,47,24.4
19.4,221,36,50,101,47.3,24.4
19.4,221,36,51,101,47,24.4
19.4,222,36,50,101,47.3,24.4
19.5,220,36,51,102,47.3,24.5
19.4,221,36,50,101,47.4,24.4
19.4,221,36,51,101,47.3,24.4
19.3,221,36,50,101,47.2,24.3
19.4,221,36,50,101,47.4,24.4
19.4,220,36,50,101,47.4,24.4
19.3,221,36,51,102,47.5,24.3
19.3,220,36,51,102,47.8,24.3
18.8,220,36,50,102,48.9,23.8
18.8,221,36,50,101,48.2,23.8
19.1,220,36,50,101,47.4,24.1
19.2,220,36,50,101,47.5,24.2
19.4,221,36,50,101,47,24.4
19.5,221,36,50,101,46.6,24.5
19.6,221,36,50,101,46.8,24.6
19.6,222,36,50,101,46.9,24.6
19.6,221,36,50,101,46.9,24.6
19.6,221,36,50,101,46.8,24.6
19.5,222,36,50,102,47,24.5
19.5,221,36,51,102,46.7,24.5
19.5,216,36,50,101,46.9,24.5
19.5,221,36,50,102,47.3,24.5
19.4,220,36,50,101,47.3,24.4
19.3,221,36,50,101,47.4,24.3
19.3,221,36,50,101,47.8,24.3
19.2,221,36,50,101,47.6,24.2
19.2,222,36,50,101,47.9,24.2
19.1,221,36,50,101,47.4,24.1
18.6,220,36,50,101,49,23.6
18.7,220,36,50,101,48.8,23.7
18.8,222,36,50,101,48.8,23.8
18.8,222,36,50,101,48.7,23.8
18.8,221,36,50,102,48.9,23.8
18.7,222,36,50,101,48.9,23.7
18.6,221,36,50,101,49.5,23.6
18.5,221,36,50,101,49.7,23.5
18.5,222,36,50,101,49.2,23.5
18.5,221,36,50,101,48.9,23.5
18.5,222,36,50,101,48.7,23.5
18.6,222,36,50,101,48.4,23.6
18.6,222,36,50,101,49.1,23.6
18.5,222,36,50,102,49,23.5
18.5,222,36,50,101,49.7,23.5
17.8,223,36,50,101,50.3,22.8
18,223,36,50,102,50.1,23
18.1,223,36,50,101,50.5,23.1
18.1,223,36,50,101,49.8,23.1
18.2,223,36,50,101,50.2,23.2
18.2,223,36,50,101,50.2,23.2
18.2,220,36,51,101,49.7,23.2
18.3,223,36,51,101,49.5,23.3
18.4,221,36,51,101,48.9,23.4
18.4,222,36,50,101,49.1,23.4
18.4,223,36,50,101,49.1,23.4
18.3,223,36,50,101,49.1,23.3
18.2,223,36,50,102,49.3,23.2
18.2,223,36,50,101,49.3,23.2
18.1,223,36,50,101,49.4,23.1
18.1,223,36,50,101,49.4,23.1
18.1,223,36,50,101,49.5,23.1
18,220,36,50,101,49.6,23
18.1,222,36,51,101,49.4,23.1
18.1,223,36,50,101,49.5,23.1
18.2,222,36,50,101,49.6,23.2
18.2,223,36,50,101,49.6,23.2
18.2,223,36,51,101,49.5,23.2
18.2,222,36,50,101,49.3,23.2
18.2,223,36,51,102,49.5,23.2
17.8,222,36,50,101,50.1,22.8
17.9,222,36,50,101,50.9,22.9
17.9,222,36,50,101,50.7,22.9
17.9,222,36,50,101,50.4,22.9
17.9,222,36,50,101,50.8,22.9
17.9,222,36,50,101,50.9,22.9
17.8,222,36,50,101,50.8,22.8
17.8,222,36,50,101,51,22.8
17.8,222,36,50,101,51.1,22.8
17.8,221,36,50,101,50.7,22.8
17.8,222,36,50,101,51.1,22.8
17.8,222,36,50,101,51,22.8
17.8,222,36,50,101,50.7,22.8
17.3,223,36,50,101,51.5,22.3
17.4,223,36,50,101,51.3,22.4
17.4,223,36,50,101,51.4,22.4
17.4,223,36,50,101,51.1,22.4
17.5,224,36,50,101,51,22.5
17.6,224,36,50,101,50.5,22.6
17.6,225,36,50,101,50.4,22.6
17.6,223,36,50,101,50.6,22.6
17.4,223,36,50,101,51.1,22.4
17.8,225,36,50,101,50.4,22.8
17.6,224,36,50,101,51.1,22.6
17.6,224,36,50,101,51.9,22.6
17.6,224,36,50,101,51.9,22.6
17.5,225,36,50,101,53.7,22.5
17.5,225,36,50,101,51.6,22.5
17.5,224,36,50,101,51.7,22.5
17.5,224,36,50,101,51.7,22.5
17.2,222,36,50,101,52.5,22.2
17.3,222,36,50,101,52.6,22.3
17.3,222,36,50,101,52.2,22.3
17.3,221,36,50,101,52.4,22.3
17.4,221,36,50,101,52.2,22.4
17.4,222,36,50,101,51.7,22.4
17.5,222,36,50,101,51.4,22.5
17.6,222,36,50,101,50.8,22.6
17.7,221,36,50,101,51.8,22.7
17.6,222,36,50,101,51.9,22.6
17.3,221,36,50,101,52.3,22.3
17.5,221,36,50,101,51.6,22.5
17.6,220,36,50,101,51.3,22.6
17.7,221,36,50,101,51,22.7
17.5,222,36,50,101,51.8,22.5
17.6,220,36,50,101,51.6,22.6
17.3,221,36,50,101,52.5,22.3
17.5,221,36,50,101,51.6,22.5
16.8,221,36,50,101,51.8,21.8
16.6,221,36,50,101,52.9,21.6
16.3,221,36,50,101,57.2,21.3
16.4,220,36,50,101,58.2,21.4
16.9,220,36,50,101,53.6,21.9
17,219,36,50,101,54,22
16,220,36,50,101,56.2,21
15.5,218,36,50,101,61.9,20.5
15.9,219,36,50,101,59.2,20.9
16.2,218,36,50,100,59.3,21.2
16.2,218,36,50,101,60.2,21.2